Date,Open,High,Low,Close,Adj Close,Volume
2014-01-02,,,,,,
2014-01-03,,,,,,
2014-01-06,,,,,,
2014-01-07,,,,,,
2014-01-08,,,,,,
2014-01-09,,,,,,
2014-01-10,,,,,,
2014-01-13,,,,,,
2014-01-14,,,,,,
2014-01-15,,,,,,
2014-01-16,,,,,,
2014-01-17,,,,,,
2014-01-21,,,,,,
2014-01-22,,,,,,
2014-01-23,,,,,,
2014-01-24,,,,,,
2014-01-27,,,,,,
2014-01-28,,,,,,
2014-01-29,,,,,,
2014-01-30,,,,,,
2014-01-31,,,,,,
2014-02-03,,,,,,
2014-02-04,,,,,,
2014-02-05,,,,,,
2014-02-06,,,,,,
2014-02-07,,,,,,
2014-02-10,,,,,,
2014-02-11,,,,,,
2014-02-12,,,,,,
2014-02-13,,,,,,
2014-02-14,,,,,,
2014-02-18,,,,,,
2014-02-19,,,,,,
2014-02-20,,,,,,
2014-02-21,,,,,,
2014-02-24,,,,,,
2014-02-25,,,,,,
2014-02-26,,,,,,
2014-02-27,,,,,,
2014-02-28,,,,,,
2014-03-03,,,,,,
2014-03-04,,,,,,
2014-03-05,,,,,,
2014-03-06,,,,,,
2014-03-07,,,,,,
2014-03-10,,,,,,
2014-03-11,,,,,,
2014-03-12,,,,,,
2014-03-13,,,,,,
2014-03-14,,,,,,
2014-03-17,,,,,,
2014-03-18,,,,,,
2014-03-19,,,,,,
2014-03-20,,,,,,
2014-03-21,,,,,,
2014-03-24,,,,,,
2014-03-25,,,,,,
2014-03-26,,,,,,
2014-03-27,,,,,,
2014-03-28,,,,,,
2014-03-31,,,,,,
2014-04-01,,,,,,
2014-04-02,,,,,,
2014-04-03,,,,,,
2014-04-04,,,,,,
2014-04-07,,,,,,
2014-04-08,,,,,,
2014-04-09,,,,,,
2014-04-10,,,,,,
2014-04-11,,,,,,
2014-04-14,,,,,,
2014-04-15,,,,,,
2014-04-16,,,,,,
2014-04-17,,,,,,
2014-04-21,,,,,,
2014-04-22,,,,,,
2014-04-23,,,,,,
2014-04-24,,,,,,
2014-04-25,,,,,,
2014-04-28,,,,,,
2014-04-29,,,,,,
2014-04-30,,,,,,
2014-05-01,,,,,,
2014-05-02,,,,,,
2014-05-05,,,,,,
2014-05-06,,,,,,
2014-05-07,,,,,,
2014-05-08,,,,,,
2014-05-09,,,,,,
2014-05-12,,,,,,
2014-05-13,,,,,,
2014-05-14,,,,,,
2014-05-15,,,,,,
2014-05-16,,,,,,
2014-05-19,,,,,,
2014-05-20,,,,,,
2014-05-21,,,,,,
2014-05-22,,,,,,
2014-05-23,,,,,,
2014-05-27,,,,,,
2014-05-28,,,,,,
2014-05-29,,,,,,
2014-05-30,,,,,,
2014-06-02,,,,,,
2014-06-03,,,,,,
2014-06-04,,,,,,
2014-06-05,,,,,,
2014-06-06,,,,,,
2014-06-09,,,,,,
2014-06-10,,,,,,
2014-06-11,,,,,,
2014-06-12,,,,,,
2014-06-13,,,,,,
2014-06-16,,,,,,
2014-06-17,,,,,,
2014-06-18,,,,,,
2014-06-19,,,,,,
2014-06-20,,,,,,
2014-06-23,,,,,,
2014-06-24,,,,,,
2014-06-25,,,,,,
2014-06-26,,,,,,
2014-06-27,,,,,,
2014-06-30,,,,,,
2014-07-01,,,,,,
2014-07-02,,,,,,
2014-07-03,,,,,,
2014-07-07,,,,,,
2014-07-08,,,,,,
2014-07-09,,,,,,
2014-07-10,,,,,,
2014-07-11,,,,,,
2014-07-14,,,,,,
2014-07-15,,,,,,
2014-07-16,,,,,,
2014-07-17,,,,,,
2014-07-18,,,,,,
2014-07-21,,,,,,
2014-07-22,,,,,,
2014-07-23,,,,,,
2014-07-24,,,,,,
2014-07-25,,,,,,
2014-07-28,,,,,,
2014-07-29,,,,,,
2014-07-30,,,,,,
2014-07-31,,,,,,
2014-08-01,,,,,,
2014-08-04,,,,,,
2014-08-05,,,,,,
2014-08-06,,,,,,
2014-08-07,,,,,,
2014-08-08,,,,,,
2014-08-11,,,,,,
2014-08-12,,,,,,
2014-08-13,,,,,,
2014-08-14,,,,,,
2014-08-15,,,,,,
2014-08-18,,,,,,
2014-08-19,,,,,,
2014-08-20,,,,,,
2014-08-21,,,,,,
2014-08-22,,,,,,
2014-08-25,,,,,,
2014-08-26,,,,,,
2014-08-27,,,,,,
2014-08-28,,,,,,
2014-08-29,,,,,,
2014-09-02,,,,,,
2014-09-03,,,,,,
2014-09-04,,,,,,
2014-09-05,,,,,,
2014-09-08,,,,,,
2014-09-09,,,,,,
2014-09-10,,,,,,
2014-09-11,,,,,,
2014-09-12,,,,,,
2014-09-15,,,,,,
2014-09-16,,,,,,
2014-09-17,,,,,,
2014-09-18,,,,,,
2014-09-19,,,,,,
2014-09-22,,,,,,
2014-09-23,,,,,,
2014-09-24,,,,,,
2014-09-25,,,,,,
2014-09-26,,,,,,
2014-09-29,,,,,,
2014-09-30,,,,,,
2014-10-01,,,,,,
2014-10-02,,,,,,
2014-10-03,,,,,,
2014-10-06,,,,,,
2014-10-07,,,,,,
2014-10-08,,,,,,
2014-10-09,,,,,,
2014-10-10,,,,,,
2014-10-13,,,,,,
2014-10-14,,,,,,
2014-10-15,,,,,,
2014-10-16,,,,,,
2014-10-17,,,,,,
2014-10-20,,,,,,
2014-10-21,,,,,,
2014-10-22,,,,,,
2014-10-23,,,,,,
2014-10-24,,,,,,
2014-10-27,,,,,,
2014-10-28,,,,,,
2014-10-29,,,,,,
2014-10-30,,,,,,
2014-10-31,,,,,,
2014-11-03,,,,,,
2014-11-04,,,,,,
2014-11-05,,,,,,
2014-11-06,,,,,,
2014-11-07,,,,,,
2014-11-10,,,,,,
2014-11-11,,,,,,
2014-11-12,,,,,,
2014-11-13,,,,,,
2014-11-14,,,,,,
2014-11-17,,,,,,
2014-11-18,,,,,,
2014-11-19,,,,,,
2014-11-20,,,,,,
2014-11-21,,,,,,
2014-11-24,,,,,,
2014-11-25,,,,,,
2014-11-26,,,,,,
2014-11-28,,,,,,
2014-12-01,,,,,,
2014-12-02,,,,,,
2014-12-03,,,,,,
2014-12-04,,,,,,
2014-12-05,,,,,,
2014-12-08,,,,,,
2014-12-09,,,,,,
2014-12-10,,,,,,
2014-12-11,,,,,,
2014-12-12,,,,,,
2014-12-15,,,,,,
2014-12-16,,,,,,
2014-12-17,,,,,,
2014-12-18,,,,,,
2014-12-19,,,,,,
2014-12-22,,,,,,
2014-12-23,,,,,,
2014-12-24,,,,,,
2014-12-26,,,,,,
2014-12-29,,,,,,
2014-12-30,,,,,,
2014-12-31,,,,,,
2015-01-02,,,,,,
2015-01-05,,,,,,
2015-01-06,,,,,,
2015-01-07,,,,,,
2015-01-08,,,,,,
2015-01-09,,,,,,
2015-01-12,,,,,,
2015-01-13,,,,,,
2015-01-14,,,,,,
2015-01-15,,,,,,
2015-01-16,,,,,,
2015-01-20,,,,,,
2015-01-21,,,,,,
2015-01-22,,,,,,
2015-01-23,,,,,,
2015-01-26,,,,,,
2015-01-27,,,,,,
2015-01-28,,,,,,
2015-01-29,,,,,,
2015-01-30,,,,,,
2015-02-02,,,,,,
2015-02-03,,,,,,
2015-02-04,,,,,,
2015-02-05,,,,,,
2015-02-06,,,,,,
2015-02-09,,,,,,
2015-02-10,,,,,,
2015-02-11,,,,,,
2015-02-12,,,,,,
2015-02-13,,,,,,
2015-02-17,,,,,,
2015-02-18,,,,,,
2015-02-19,,,,,,
2015-02-20,,,,,,
2015-02-23,,,,,,
2015-02-24,,,,,,
2015-02-25,,,,,,
2015-02-26,,,,,,
2015-02-27,,,,,,
2015-03-02,,,,,,
2015-03-03,,,,,,
2015-03-04,,,,,,
2015-03-05,,,,,,
2015-03-06,,,,,,
2015-03-09,,,,,,
2015-03-10,,,,,,
2015-03-11,,,,,,
2015-03-12,,,,,,
2015-03-13,,,,,,
2015-03-16,,,,,,
2015-03-17,,,,,,
2015-03-18,,,,,,
2015-03-19,,,,,,
2015-03-20,,,,,,
2015-03-23,,,,,,
2015-03-24,,,,,,
2015-03-25,,,,,,
2015-03-26,,,,,,
2015-03-27,,,,,,
2015-03-30,,,,,,
2015-03-31,,,,,,
2015-04-01,,,,,,
2015-04-02,,,,,,
2015-04-06,,,,,,
2015-04-07,,,,,,
2015-04-08,,,,,,
2015-04-09,,,,,,
2015-04-10,,,,,,
2015-04-13,,,,,,
2015-04-14,,,,,,
2015-04-15,,,,,,
2015-04-16,,,,,,
2015-04-17,,,,,,
2015-04-20,,,,,,
2015-04-21,,,,,,
2015-04-22,,,,,,
2015-04-23,,,,,,
2015-04-24,,,,,,
2015-04-27,,,,,,
2015-04-28,,,,,,
2015-04-29,,,,,,
2015-04-30,,,,,,
2015-05-01,,,,,,
2015-05-04,,,,,,
2015-05-05,,,,,,
2015-05-06,,,,,,
2015-05-07,,,,,,
2015-05-08,,,,,,
2015-05-11,,,,,,
2015-05-12,,,,,,
2015-05-13,,,,,,
2015-05-14,,,,,,
2015-05-15,,,,,,
2015-05-18,,,,,,
2015-05-19,,,,,,
2015-05-20,,,,,,
2015-05-21,,,,,,
2015-05-22,,,,,,
2015-05-26,,,,,,
2015-05-27,,,,,,
2015-05-28,,,,,,
2015-05-29,,,,,,
2015-06-01,,,,,,
2015-06-02,,,,,,
2015-06-03,,,,,,
2015-06-04,,,,,,
2015-06-05,,,,,,
2015-06-08,,,,,,
2015-06-09,,,,,,
2015-06-10,,,,,,
2015-06-11,,,,,,
2015-06-12,,,,,,
2015-06-15,,,,,,
2015-06-16,,,,,,
2015-06-17,,,,,,
2015-06-18,,,,,,
2015-06-19,,,,,,
2015-06-22,,,,,,
2015-06-23,,,,,,
2015-06-24,,,,,,
2015-06-25,,,,,,
2015-06-26,,,,,,
2015-06-29,,,,,,
2015-06-30,,,,,,
2015-07-01,,,,,,
2015-07-02,,,,,,
2015-07-06,,,,,,
2015-07-07,,,,,,
2015-07-08,,,,,,
2015-07-09,,,,,,
2015-07-10,,,,,,
2015-07-13,,,,,,
2015-07-14,,,,,,
2015-07-15,,,,,,
2015-07-16,,,,,,
2015-07-17,,,,,,
2015-07-20,,,,,,
2015-07-21,,,,,,
2015-07-22,,,,,,
2015-07-23,,,,,,
2015-07-24,,,,,,
2015-07-27,,,,,,
2015-07-28,,,,,,
2015-07-29,,,,,,
2015-07-30,,,,,,
2015-07-31,,,,,,
2015-08-03,,,,,,
2015-08-04,,,,,,
2015-08-05,,,,,,
2015-08-06,,,,,,
2015-08-07,,,,,,
2015-08-10,,,,,,
2015-08-11,,,,,,
2015-08-12,,,,,,
2015-08-13,,,,,,
2015-08-14,,,,,,
2015-08-17,,,,,,
2015-08-18,,,,,,
2015-08-19,,,,,,
2015-08-20,,,,,,
2015-08-21,,,,,,
2015-08-24,,,,,,
2015-08-25,,,,,,
2015-08-26,,,,,,
2015-08-27,,,,,,
2015-08-28,,,,,,
2015-08-31,,,,,,
2015-09-01,,,,,,
2015-09-02,,,,,,
2015-09-03,,,,,,
2015-09-04,,,,,,
2015-09-08,,,,,,
2015-09-09,,,,,,
2015-09-10,,,,,,
2015-09-11,,,,,,
2015-09-14,,,,,,
2015-09-15,,,,,,
2015-09-16,,,,,,
2015-09-17,,,,,,
2015-09-18,,,,,,
2015-09-21,,,,,,
2015-09-22,,,,,,
2015-09-23,,,,,,
2015-09-24,,,,,,
2015-09-25,,,,,,
2015-09-28,,,,,,
2015-09-29,,,,,,
2015-09-30,,,,,,
2015-10-01,,,,,,
2015-10-02,,,,,,
2015-10-05,,,,,,
2015-10-06,,,,,,
2015-10-07,,,,,,
2015-10-08,,,,,,
2015-10-09,,,,,,
2015-10-12,,,,,,
2015-10-13,,,,,,
2015-10-14,,,,,,
2015-10-15,,,,,,
2015-10-16,,,,,,
2015-10-19,,,,,,
2015-10-20,,,,,,
2015-10-21,,,,,,
2015-10-22,,,,,,
2015-10-23,,,,,,
2015-10-26,,,,,,
2015-10-27,,,,,,
2015-10-28,,,,,,
2015-10-29,,,,,,
2015-10-30,,,,,,
2015-11-02,,,,,,
2015-11-03,,,,,,
2015-11-04,,,,,,
2015-11-05,,,,,,
2015-11-06,,,,,,
2015-11-09,,,,,,
2015-11-10,,,,,,
2015-11-11,,,,,,
2015-11-12,,,,,,
2015-11-13,,,,,,
2015-11-16,,,,,,
2015-11-17,,,,,,
2015-11-18,,,,,,
2015-11-19,,,,,,
2015-11-20,,,,,,
2015-11-23,,,,,,
2015-11-24,,,,,,
2015-11-25,,,,,,
2015-11-27,,,,,,
2015-11-30,,,,,,
2015-12-01,,,,,,
2015-12-02,,,,,,
2015-12-03,,,,,,
2015-12-04,,,,,,
2015-12-07,,,,,,
2015-12-08,,,,,,
2015-12-09,,,,,,
2015-12-10,,,,,,
2015-12-11,,,,,,
2015-12-14,,,,,,
2015-12-15,,,,,,
2015-12-16,,,,,,
2015-12-17,,,,,,
2015-12-18,,,,,,
2015-12-21,,,,,,
2015-12-22,,,,,,
2015-12-23,,,,,,
2015-12-24,,,,,,
2015-12-28,,,,,,
2015-12-29,,,,,,
2015-12-30,,,,,,
2015-12-31,,,,,,
2016-01-04,,,,,,
2016-01-05,,,,,,
2016-01-06,,,,,,
2016-01-07,,,,,,
2016-01-08,,,,,,
2016-01-11,,,,,,
2016-01-12,,,,,,
2016-01-13,,,,,,
2016-01-14,,,,,,
2016-01-15,,,,,,
2016-01-19,,,,,,
2016-01-20,,,,,,
2016-01-21,,,,,,
2016-01-22,,,,,,
2016-01-25,,,,,,
2016-01-26,,,,,,
2016-01-27,,,,,,
2016-01-28,,,,,,
2016-01-29,,,,,,
2016-02-01,,,,,,
2016-02-02,,,,,,
2016-02-03,,,,,,
2016-02-04,,,,,,
2016-02-05,,,,,,
2016-02-08,,,,,,
2016-02-09,,,,,,
2016-02-10,,,,,,
2016-02-11,,,,,,
2016-02-12,,,,,,
2016-02-16,,,,,,
2016-02-17,,,,,,
2016-02-18,,,,,,
2016-02-19,,,,,,
2016-02-22,,,,,,
2016-02-23,,,,,,
2016-02-24,,,,,,
2016-02-25,,,,,,
2016-02-26,,,,,,
2016-02-29,,,,,,
2016-03-01,,,,,,
2016-03-02,,,,,,
2016-03-03,,,,,,
2016-03-04,,,,,,
2016-03-07,,,,,,
2016-03-08,,,,,,
2016-03-09,,,,,,
2016-03-10,,,,,,
2016-03-11,,,,,,
2016-03-14,,,,,,
2016-03-15,,,,,,
2016-03-16,,,,,,
2016-03-17,,,,,,
2016-03-18,,,,,,
2016-03-21,,,,,,
2016-03-22,,,,,,
2016-03-23,,,,,,
2016-03-24,,,,,,
2016-03-28,,,,,,
2016-03-29,,,,,,
2016-03-30,,,,,,
2016-03-31,,,,,,
2016-04-01,,,,,,
2016-04-04,,,,,,
2016-04-05,,,,,,
2016-04-06,,,,,,
2016-04-07,,,,,,
2016-04-08,,,,,,
2016-04-11,,,,,,
2016-04-12,,,,,,
2016-04-13,,,,,,
2016-04-14,,,,,,
2016-04-15,,,,,,
2016-04-18,,,,,,
2016-04-19,,,,,,
2016-04-20,,,,,,
2016-04-21,,,,,,
2016-04-22,,,,,,
2016-04-25,,,,,,
2016-04-26,,,,,,
2016-04-27,,,,,,
2016-04-28,,,,,,
2016-04-29,,,,,,
2016-05-02,,,,,,
2016-05-03,,,,,,
2016-05-04,,,,,,
2016-05-05,,,,,,
2016-05-06,,,,,,
2016-05-09,,,,,,
2016-05-10,,,,,,
2016-05-11,,,,,,
2016-05-12,,,,,,
2016-05-13,,,,,,
2016-05-16,,,,,,
2016-05-17,,,,,,
2016-05-18,,,,,,
2016-05-19,,,,,,
2016-05-20,,,,,,
2016-05-23,,,,,,
2016-05-24,,,,,,
2016-05-25,,,,,,
2016-05-26,,,,,,
2016-05-27,,,,,,
2016-05-31,,,,,,
2016-06-01,,,,,,
2016-06-02,,,,,,
2016-06-03,,,,,,
2016-06-06,,,,,,
2016-06-07,,,,,,
2016-06-08,,,,,,
2016-06-09,,,,,,
2016-06-10,,,,,,
2016-06-13,,,,,,
2016-06-14,,,,,,
2016-06-15,,,,,,
2016-06-16,,,,,,
2016-06-17,,,,,,
2016-06-20,,,,,,
2016-06-21,,,,,,
2016-06-22,,,,,,
2016-06-23,,,,,,
2016-06-24,,,,,,
2016-06-27,,,,,,
2016-06-28,,,,,,
2016-06-29,,,,,,
2016-06-30,,,,,,
2016-07-01,,,,,,
2016-07-05,,,,,,
2016-07-06,,,,,,
2016-07-07,,,,,,
2016-07-08,,,,,,
2016-07-11,,,,,,
2016-07-12,,,,,,
2016-07-13,,,,,,
2016-07-14,,,,,,
2016-07-15,,,,,,
2016-07-18,,,,,,
2016-07-19,,,,,,
2016-07-20,,,,,,
2016-07-21,,,,,,
2016-07-22,,,,,,
2016-07-25,,,,,,
2016-07-26,,,,,,
2016-07-27,,,,,,
2016-07-28,,,,,,
2016-07-29,,,,,,
2016-08-01,,,,,,
2016-08-02,,,,,,
2016-08-03,,,,,,
2016-08-04,,,,,,
2016-08-05,,,,,,
2016-08-08,,,,,,
2016-08-09,,,,,,
2016-08-10,,,,,,
2016-08-11,,,,,,
2016-08-12,,,,,,
2016-08-15,,,,,,
2016-08-16,,,,,,
2016-08-17,,,,,,
2016-08-18,,,,,,
2016-08-19,,,,,,
2016-08-22,,,,,,
2016-08-23,,,,,,
2016-08-24,,,,,,
2016-08-25,,,,,,
2016-08-26,,,,,,
2016-08-29,,,,,,
2016-08-30,,,,,,
2016-08-31,,,,,,
2016-09-01,,,,,,
2016-09-02,,,,,,
2016-09-06,,,,,,
2016-09-07,,,,,,
2016-09-08,,,,,,
2016-09-09,,,,,,
2016-09-12,,,,,,
2016-09-13,,,,,,
2016-09-14,,,,,,
2016-09-15,,,,,,
2016-09-16,,,,,,
2016-09-19,,,,,,
2016-09-20,,,,,,
2016-09-21,,,,,,
2016-09-22,,,,,,
2016-09-23,,,,,,
2016-09-26,,,,,,
2016-09-27,,,,,,
2016-09-28,,,,,,
2016-09-29,,,,,,
2016-09-30,,,,,,
2016-10-03,,,,,,
2016-10-04,,,,,,
2016-10-05,,,,,,
2016-10-06,,,,,,
2016-10-07,,,,,,
2016-10-10,,,,,,
2016-10-11,,,,,,
2016-10-12,,,,,,
2016-10-13,,,,,,
2016-10-14,,,,,,
2016-10-17,,,,,,
2016-10-18,,,,,,
2016-10-19,,,,,,
2016-10-20,,,,,,
2016-10-21,,,,,,
2016-10-24,,,,,,
2016-10-25,,,,,,
2016-10-26,,,,,,
2016-10-27,,,,,,
2016-10-28,,,,,,
2016-10-31,,,,,,
2016-11-01,,,,,,
2016-11-02,,,,,,
2016-11-03,,,,,,
2016-11-04,,,,,,
2016-11-07,,,,,,
2016-11-08,,,,,,
2016-11-09,,,,,,
2016-11-10,,,,,,
2016-11-11,,,,,,
2016-11-14,,,,,,
2016-11-15,,,,,,
2016-11-16,,,,,,
2016-11-17,,,,,,
2016-11-18,,,,,,
2016-11-21,,,,,,
2016-11-22,,,,,,
2016-11-23,,,,,,
2016-11-25,,,,,,
2016-11-28,,,,,,
2016-11-29,,,,,,
2016-11-30,,,,,,
2016-12-01,,,,,,
2016-12-02,,,,,,
2016-12-05,,,,,,
2016-12-06,,,,,,
2016-12-07,,,,,,
2016-12-08,,,,,,
2016-12-09,,,,,,
2016-12-12,,,,,,
2016-12-13,,,,,,
2016-12-14,,,,,,
2016-12-15,,,,,,
2016-12-16,,,,,,
2016-12-19,,,,,,
2016-12-20,,,,,,
2016-12-21,,,,,,
2016-12-22,,,,,,
2016-12-23,,,,,,
2016-12-27,,,,,,
2016-12-28,,,,,,
2016-12-29,,,,,,
2016-12-30,,,,,,
2017-01-03,,,,,,
2017-01-04,,,,,,
2017-01-05,,,,,,
2017-01-06,,,,,,
2017-01-09,,,,,,
2017-01-10,,,,,,
2017-01-11,,,,,,
2017-01-12,,,,,,
2017-01-13,,,,,,
2017-01-17,,,,,,
2017-01-18,,,,,,
2017-01-19,,,,,,
2017-01-20,,,,,,
2017-01-23,,,,,,
2017-01-24,,,,,,
2017-01-25,,,,,,
2017-01-26,,,,,,
2017-01-27,,,,,,
2017-01-30,,,,,,
2017-01-31,,,,,,
2017-02-01,,,,,,
2017-02-02,,,,,,
2017-02-03,,,,,,
2017-02-06,,,,,,
2017-02-07,,,,,,
2017-02-08,,,,,,
2017-02-09,,,,,,
2017-02-10,,,,,,
2017-02-13,,,,,,
2017-02-14,,,,,,
2017-02-15,,,,,,
2017-02-16,,,,,,
2017-02-17,,,,,,
2017-02-21,,,,,,
2017-02-22,,,,,,
2017-02-23,,,,,,
2017-02-24,,,,,,
2017-02-27,,,,,,
2017-02-28,,,,,,
2017-03-01,,,,,,
2017-03-02,,,,,,
2017-03-03,,,,,,
2017-03-06,,,,,,
2017-03-07,,,,,,
2017-03-08,,,,,,
2017-03-09,,,,,,
2017-03-10,,,,,,
2017-03-13,,,,,,
2017-03-14,,,,,,
2017-03-15,,,,,,
2017-03-16,,,,,,
2017-03-17,,,,,,
2017-03-20,,,,,,
2017-03-21,,,,,,
2017-03-22,,,,,,
2017-03-23,,,,,,
2017-03-24,,,,,,
2017-03-27,,,,,,
2017-03-28,,,,,,
2017-03-29,,,,,,
2017-03-30,,,,,,
2017-03-31,,,,,,
2017-04-03,,,,,,
2017-04-04,,,,,,
2017-04-05,,,,,,
2017-04-06,,,,,,
2017-04-07,,,,,,
2017-04-10,,,,,,
2017-04-11,,,,,,
2017-04-12,,,,,,
2017-04-13,,,,,,
2017-04-17,,,,,,
2017-04-18,,,,,,
2017-04-19,,,,,,
2017-04-20,,,,,,
2017-04-21,,,,,,
2017-04-24,,,,,,
2017-04-25,,,,,,
2017-04-26,,,,,,
2017-04-27,,,,,,
2017-04-28,,,,,,
2017-05-01,,,,,,
2017-05-02,,,,,,
2017-05-03,,,,,,
2017-05-04,,,,,,
2017-05-05,,,,,,
2017-05-08,,,,,,
2017-05-09,,,,,,
2017-05-10,,,,,,
2017-05-11,,,,,,
2017-05-12,,,,,,
2017-05-15,,,,,,
2017-05-16,,,,,,
2017-05-17,,,,,,
2017-05-18,,,,,,
2017-05-19,,,,,,
2017-05-22,,,,,,
2017-05-23,,,,,,
2017-05-24,,,,,,
2017-05-25,,,,,,
2017-05-26,,,,,,
2017-05-30,,,,,,
2017-05-31,,,,,,
2017-06-01,,,,,,
2017-06-02,,,,,,
2017-06-05,,,,,,
2017-06-06,,,,,,
2017-06-07,,,,,,
2017-06-08,,,,,,
2017-06-09,,,,,,
2017-06-12,,,,,,
2017-06-13,,,,,,
2017-06-14,,,,,,
2017-06-15,,,,,,
2017-06-16,,,,,,
2017-06-19,,,,,,
2017-06-20,,,,,,
2017-06-21,,,,,,
2017-06-22,,,,,,
2017-06-23,,,,,,
2017-06-26,,,,,,
2017-06-27,,,,,,
2017-06-28,,,,,,
2017-06-29,,,,,,
2017-06-30,,,,,,
2017-07-03,,,,,,
2017-07-05,,,,,,
2017-07-06,,,,,,
2017-07-07,,,,,,
2017-07-10,,,,,,
2017-07-11,,,,,,
2017-07-12,,,,,,
2017-07-13,,,,,,
2017-07-14,,,,,,
2017-07-17,,,,,,
2017-07-18,,,,,,
2017-07-19,,,,,,
2017-07-20,,,,,,
2017-07-21,,,,,,
2017-07-24,,,,,,
2017-07-25,,,,,,
2017-07-26,,,,,,
2017-07-27,,,,,,
2017-07-28,,,,,,
2017-07-31,,,,,,
2017-08-01,,,,,,
2017-08-02,,,,,,
2017-08-03,,,,,,
2017-08-04,,,,,,
2017-08-07,,,,,,
2017-08-08,,,,,,
2017-08-09,,,,,,
2017-08-10,,,,,,
2017-08-11,,,,,,
2017-08-14,,,,,,
2017-08-15,,,,,,
2017-08-16,,,,,,
2017-08-17,,,,,,
2017-08-18,,,,,,
2017-08-21,,,,,,
2017-08-22,,,,,,
2017-08-23,,,,,,
2017-08-24,,,,,,
2017-08-25,,,,,,
2017-08-28,,,,,,
2017-08-29,,,,,,
2017-08-30,,,,,,
2017-08-31,,,,,,
2017-09-01,,,,,,
2017-09-05,,,,,,
2017-09-06,,,,,,
2017-09-07,,,,,,
2017-09-08,,,,,,
2017-09-11,,,,,,
2017-09-12,,,,,,
2017-09-13,,,,,,
2017-09-14,,,,,,
2017-09-15,,,,,,
2017-09-18,,,,,,
2017-09-19,,,,,,
2017-09-20,,,,,,
2017-09-21,,,,,,
2017-09-22,,,,,,
2017-09-25,,,,,,
2017-09-26,,,,,,
2017-09-27,,,,,,
2017-09-28,,,,,,
2017-09-29,,,,,,
2017-10-02,,,,,,
2017-10-03,,,,,,
2017-10-04,,,,,,
2017-10-05,,,,,,
2017-10-06,,,,,,
2017-10-09,,,,,,
2017-10-10,,,,,,
2017-10-11,,,,,,
2017-10-12,,,,,,
2017-10-13,,,,,,
2017-10-16,,,,,,
2017-10-17,,,,,,
2017-10-18,,,,,,
2017-10-19,,,,,,
2017-10-20,,,,,,
2017-10-23,,,,,,
2017-10-24,,,,,,
2017-10-25,,,,,,
2017-10-26,,,,,,
2017-10-27,,,,,,
2017-10-30,,,,,,
2017-10-31,,,,,,
2017-11-01,,,,,,
2017-11-02,,,,,,
2017-11-03,,,,,,
2017-11-06,,,,,,
2017-11-07,,,,,,
2017-11-08,,,,,,
2017-11-09,,,,,,
2017-11-10,,,,,,
2017-11-13,,,,,,
2017-11-14,,,,,,
2017-11-15,,,,,,
2017-11-16,,,,,,
2017-11-17,,,,,,
2017-11-20,,,,,,
2017-11-21,,,,,,
2017-11-22,,,,,,
2017-11-24,,,,,,
2017-11-27,,,,,,
2017-11-28,,,,,,
2017-11-29,,,,,,
2017-11-30,,,,,,
2017-12-01,,,,,,
2017-12-04,,,,,,
2017-12-05,,,,,,
2017-12-06,,,,,,
2017-12-07,,,,,,
2017-12-08,,,,,,
2017-12-11,,,,,,
2017-12-12,,,,,,
2017-12-13,,,,,,
2017-12-14,,,,,,
2017-12-15,,,,,,
2017-12-18,,,,,,
2017-12-19,,,,,,
2017-12-20,,,,,,
2017-12-21,,,,,,
2017-12-22,,,,,,
2017-12-26,,,,,,
2017-12-27,,,,,,
2017-12-28,,,,,,
2017-12-29,,,,,,
2018-01-02,,,,,,
2018-01-03,,,,,,
2018-01-04,,,,,,
2018-01-05,,,,,,
2018-01-08,,,,,,
2018-01-09,,,,,,
2018-01-10,,,,,,
2018-01-11,,,,,,
2018-01-12,,,,,,
2018-01-16,,,,,,
2018-01-17,,,,,,
2018-01-18,,,,,,
2018-01-19,,,,,,
2018-01-22,,,,,,
2018-01-23,,,,,,
2018-01-24,,,,,,
2018-01-25,,,,,,
2018-01-26,,,,,,
2018-01-29,,,,,,
2018-01-30,,,,,,
2018-01-31,,,,,,
2018-02-01,,,,,,
2018-02-02,,,,,,
2018-02-05,,,,,,
2018-02-06,,,,,,
2018-02-07,,,,,,
2018-02-08,,,,,,
2018-02-09,,,,,,
2018-02-12,,,,,,
2018-02-13,,,,,,
2018-02-14,,,,,,
2018-02-15,,,,,,
2018-02-16,,,,,,
2018-02-20,,,,,,
2018-02-21,,,,,,
2018-02-22,,,,,,
2018-02-23,,,,,,
2018-02-26,,,,,,
2018-02-27,,,,,,
2018-02-28,,,,,,
2018-03-01,,,,,,
2018-03-02,,,,,,
2018-03-05,,,,,,
2018-03-06,,,,,,
2018-03-07,,,,,,
2018-03-08,,,,,,
2018-03-09,,,,,,
2018-03-12,,,,,,
2018-03-13,,,,,,
2018-03-14,,,,,,
2018-03-15,,,,,,
2018-03-16,,,,,,
2018-03-19,,,,,,
2018-03-20,,,,,,
2018-03-21,,,,,,
2018-03-22,,,,,,
2018-03-23,,,,,,
2018-03-26,,,,,,
2018-03-27,,,,,,
2018-03-28,,,,,,
2018-03-29,,,,,,
2018-04-02,,,,,,
2018-04-03,,,,,,
2018-04-04,,,,,,
2018-04-05,,,,,,
2018-04-06,,,,,,
2018-04-09,,,,,,
2018-04-10,,,,,,
2018-04-11,,,,,,
2018-04-12,,,,,,
2018-04-13,,,,,,
2018-04-16,,,,,,
2018-04-17,,,,,,
2018-04-18,,,,,,
2018-04-19,,,,,,
2018-04-20,,,,,,
2018-04-23,,,,,,
2018-04-24,,,,,,
2018-04-25,,,,,,
2018-04-26,,,,,,
2018-04-27,,,,,,
2018-04-30,,,,,,
2018-05-01,,,,,,
2018-05-02,,,,,,
2018-05-03,,,,,,
2018-05-04,,,,,,
2018-05-07,,,,,,
2018-05-08,,,,,,
2018-05-09,,,,,,
2018-05-10,,,,,,
2018-05-11,,,,,,
2018-05-14,,,,,,
2018-05-15,,,,,,
2018-05-16,,,,,,
2018-05-17,,,,,,
2018-05-18,,,,,,
2018-05-21,,,,,,
2018-05-22,,,,,,
2018-05-23,,,,,,
2018-05-24,,,,,,
2018-05-25,,,,,,
2018-05-29,,,,,,
2018-05-30,,,,,,
2018-05-31,,,,,,
2018-06-01,,,,,,
2018-06-04,,,,,,
2018-06-05,,,,,,
2018-06-06,,,,,,
2018-06-07,,,,,,
2018-06-08,,,,,,
2018-06-11,,,,,,
2018-06-12,,,,,,
2018-06-13,,,,,,
2018-06-14,,,,,,
2018-06-15,,,,,,
2018-06-18,,,,,,
2018-06-19,,,,,,
2018-06-20,,,,,,
2018-06-21,,,,,,
2018-06-22,,,,,,
2018-06-25,,,,,,
2018-06-26,,,,,,
2018-06-27,,,,,,
2018-06-28,,,,,,
2018-06-29,,,,,,
2018-07-02,,,,,,
2018-07-03,,,,,,
2018-07-05,,,,,,
2018-07-06,,,,,,
2018-07-09,,,,,,
2018-07-10,,,,,,
2018-07-11,,,,,,
2018-07-12,,,,,,
2018-07-13,,,,,,
2018-07-16,,,,,,
2018-07-17,,,,,,
2018-07-18,,,,,,
2018-07-19,,,,,,
2018-07-20,,,,,,
2018-07-23,,,,,,
2018-07-24,,,,,,
2018-07-25,,,,,,
2018-07-26,,,,,,
2018-07-27,,,,,,
2018-07-30,,,,,,
2018-07-31,,,,,,
2018-08-01,,,,,,
2018-08-02,,,,,,
2018-08-03,,,,,,
2018-08-06,,,,,,
2018-08-07,,,,,,
2018-08-08,,,,,,
2018-08-09,,,,,,
2018-08-10,,,,,,
2018-08-13,,,,,,
2018-08-14,,,,,,
2018-08-15,,,,,,
2018-08-16,,,,,,
2018-08-17,,,,,,
2018-08-20,,,,,,
2018-08-21,,,,,,
2018-08-22,,,,,,
2018-08-23,,,,,,
2018-08-24,,,,,,
2018-08-27,,,,,,
2018-08-28,,,,,,
2018-08-29,,,,,,
2018-08-30,,,,,,
2018-08-31,,,,,,
2018-09-04,,,,,,
2018-09-05,,,,,,
2018-09-06,,,,,,
2018-09-07,,,,,,
2018-09-10,,,,,,
2018-09-11,,,,,,
2018-09-12,,,,,,
2018-09-13,,,,,,
2018-09-14,,,,,,
2018-09-17,,,,,,
2018-09-18,,,,,,
2018-09-19,,,,,,
2018-09-20,,,,,,
2018-09-21,,,,,,
2018-09-24,,,,,,
2018-09-25,,,,,,
2018-09-26,,,,,,
2018-09-27,,,,,,
2018-09-28,,,,,,
2018-10-01,,,,,,
2018-10-02,,,,,,
2018-10-03,,,,,,
2018-10-04,,,,,,
2018-10-05,,,,,,
2018-10-08,,,,,,
2018-10-09,,,,,,
2018-10-10,,,,,,
2018-10-11,,,,,,
2018-10-12,,,,,,
2018-10-15,,,,,,
2018-10-16,,,,,,
2018-10-17,,,,,,
2018-10-18,,,,,,
2018-10-19,,,,,,
2018-10-22,,,,,,
2018-10-23,,,,,,
2018-10-24,,,,,,
2018-10-25,,,,,,
2018-10-26,,,,,,
2018-10-29,,,,,,
2018-10-30,,,,,,
2018-10-31,,,,,,
2018-11-01,,,,,,
2018-11-02,,,,,,
2018-11-05,,,,,,
2018-11-06,,,,,,
2018-11-07,,,,,,
2018-11-08,,,,,,
2018-11-09,,,,,,
2018-11-12,,,,,,
2018-11-13,,,,,,
2018-11-14,,,,,,
2018-11-15,,,,,,
2018-11-16,,,,,,
2018-11-19,,,,,,
2018-11-20,,,,,,
2018-11-21,,,,,,
2018-11-23,,,,,,
2018-11-26,,,,,,
2018-11-27,,,,,,
2018-11-28,,,,,,
2018-11-29,,,,,,
2018-11-30,,,,,,
2018-12-03,,,,,,
2018-12-04,,,,,,
2018-12-06,,,,,,
2018-12-07,,,,,,
2018-12-10,,,,,,
2018-12-11,,,,,,
2018-12-12,,,,,,
2018-12-13,,,,,,
2018-12-14,,,,,,
2018-12-17,,,,,,
2018-12-18,,,,,,
2018-12-19,,,,,,
2018-12-20,,,,,,
2018-12-21,,,,,,
2018-12-24,,,,,,
2018-12-26,,,,,,
2018-12-27,,,,,,
2018-12-28,,,,,,
2018-12-31,,,,,,
2019-01-02,,,,,,
2019-01-03,,,,,,
2019-01-04,,,,,,
2019-01-07,,,,,,
2019-01-08,,,,,,
2019-01-09,,,,,,
2019-01-10,,,,,,
2019-01-11,,,,,,
2019-01-14,,,,,,
2019-01-15,,,,,,
2019-01-16,,,,,,
2019-01-17,,,,,,
2019-01-18,,,,,,
2019-01-22,,,,,,
2019-01-23,,,,,,
2019-01-24,,,,,,
2019-01-25,,,,,,
2019-01-28,,,,,,
2019-01-29,,,,,,
2019-01-30,,,,,,
2019-01-31,,,,,,
2019-02-01,,,,,,
2019-02-04,,,,,,
2019-02-05,,,,,,
2019-02-06,,,,,,
2019-02-07,,,,,,
2019-02-08,,,,,,
2019-02-11,,,,,,
2019-02-12,,,,,,
2019-02-13,,,,,,
2019-02-14,,,,,,
2019-02-15,,,,,,
2019-02-19,,,,,,
2019-02-20,,,,,,
2019-02-21,,,,,,
2019-02-22,,,,,,
2019-02-25,,,,,,
2019-02-26,,,,,,
2019-02-27,,,,,,
2019-02-28,,,,,,
2019-03-01,,,,,,
2019-03-04,,,,,,
2019-03-05,,,,,,
2019-03-06,,,,,,
2019-03-07,,,,,,
2019-03-08,,,,,,
2019-03-11,,,,,,
2019-03-12,,,,,,
2019-03-13,,,,,,
2019-03-14,,,,,,
2019-03-15,,,,,,
2019-03-18,,,,,,
2019-03-19,,,,,,
2019-03-20,,,,,,
2019-03-21,,,,,,
2019-03-22,,,,,,
2019-03-25,,,,,,
2019-03-26,,,,,,
2019-03-27,,,,,,
2019-03-28,,,,,,
2019-03-29,,,,,,
2019-04-01,,,,,,
2019-04-02,,,,,,
2019-04-03,,,,,,
2019-04-04,,,,,,
2019-04-05,,,,,,
2019-04-08,,,,,,
2019-04-09,,,,,,
2019-04-10,,,,,,
2019-04-11,,,,,,
2019-04-12,,,,,,
2019-04-15,,,,,,
2019-04-16,,,,,,
2019-04-17,,,,,,
2019-04-18,,,,,,
2019-04-22,,,,,,
2019-04-23,,,,,,
2019-04-24,,,,,,
2019-04-25,,,,,,
2019-04-26,,,,,,
2019-04-29,,,,,,
2019-04-30,,,,,,
2019-05-01,,,,,,
2019-05-02,,,,,,
2019-05-03,,,,,,
2019-05-06,,,,,,
2019-05-07,,,,,,
2019-05-08,,,,,,
2019-05-09,,,,,,
2019-05-10,,,,,,
2019-05-13,,,,,,
2019-05-14,,,,,,
2019-05-15,,,,,,
2019-05-16,,,,,,
2019-05-17,,,,,,
2019-05-20,,,,,,
2019-05-21,,,,,,
2019-05-22,,,,,,
2019-05-23,,,,,,
2019-05-24,,,,,,
2019-05-28,,,,,,
2019-05-29,,,,,,
2019-05-30,,,,,,
2019-05-31,,,,,,
2019-06-03,,,,,,
2019-06-04,,,,,,
2019-06-05,,,,,,
2019-06-06,,,,,,
2019-06-07,,,,,,
2019-06-10,,,,,,
2019-06-11,,,,,,
2019-06-12,,,,,,
2019-06-13,,,,,,
2019-06-14,,,,,,
2019-06-17,,,,,,
2019-06-18,,,,,,
2019-06-19,,,,,,
2019-06-20,,,,,,
2019-06-21,,,,,,
2019-06-24,,,,,,
2019-06-25,,,,,,
2019-06-26,,,,,,
2019-06-27,,,,,,
2019-06-28,,,,,,
2019-07-01,,,,,,
2019-07-02,,,,,,
2019-07-03,,,,,,
2019-07-05,,,,,,
2019-07-08,,,,,,
2019-07-09,,,,,,
2019-07-10,,,,,,
2019-07-11,,,,,,
2019-07-12,,,,,,
2019-07-15,,,,,,
2019-07-16,,,,,,
2019-07-17,,,,,,
2019-07-18,,,,,,
2019-07-19,,,,,,
2019-07-22,,,,,,
2019-07-23,,,,,,
2019-07-24,,,,,,
2019-07-25,,,,,,
2019-07-26,,,,,,
2019-07-29,,,,,,
2019-07-30,,,,,,
2019-07-31,,,,,,
2019-08-01,,,,,,
2019-08-02,,,,,,
2019-08-05,,,,,,
2019-08-06,,,,,,
2019-08-07,,,,,,
2019-08-08,,,,,,
2019-08-09,,,,,,
2019-08-12,,,,,,
2019-08-13,,,,,,
2019-08-14,,,,,,
2019-08-15,,,,,,
2019-08-16,,,,,,
2019-08-19,,,,,,
2019-08-20,,,,,,
2019-08-21,,,,,,
2019-08-22,,,,,,
2019-08-23,,,,,,
2019-08-26,,,,,,
2019-08-27,,,,,,
2019-08-28,,,,,,
2019-08-29,,,,,,
2019-08-30,,,,,,
2019-09-03,,,,,,
2019-09-04,,,,,,
2019-09-05,,,,,,
2019-09-06,,,,,,
2019-09-09,,,,,,
2019-09-10,,,,,,
2019-09-11,,,,,,
2019-09-12,,,,,,
2019-09-13,,,,,,
2019-09-16,,,,,,
2019-09-17,,,,,,
2019-09-18,,,,,,
2019-09-19,,,,,,
2019-09-20,,,,,,
2019-09-23,,,,,,
2019-09-24,,,,,,
2019-09-25,,,,,,
2019-09-26,,,,,,
2019-09-27,,,,,,
2019-09-30,,,,,,
2019-10-01,,,,,,
2019-10-02,,,,,,
2019-10-03,,,,,,
2019-10-04,,,,,,
2019-10-07,,,,,,
2019-10-08,,,,,,
2019-10-09,,,,,,
2019-10-10,,,,,,
2019-10-11,,,,,,
2019-10-14,,,,,,
2019-10-15,,,,,,
2019-10-16,,,,,,
2019-10-17,,,,,,
2019-10-18,,,,,,
2019-10-21,,,,,,
2019-10-22,,,,,,
2019-10-23,,,,,,
2019-10-24,,,,,,
2019-10-25,,,,,,
2019-10-28,,,,,,
2019-10-29,,,,,,
2019-10-30,,,,,,
2019-10-31,,,,,,
2019-11-01,,,,,,
2019-11-04,,,,,,
2019-11-05,,,,,,
2019-11-06,,,,,,
2019-11-07,,,,,,
2019-11-08,,,,,,
2019-11-11,,,,,,
2019-11-12,,,,,,
2019-11-13,,,,,,
2019-11-14,,,,,,
2019-11-15,,,,,,
2019-11-18,,,,,,
2019-11-19,,,,,,
2019-11-20,,,,,,
2019-11-21,,,,,,
2019-11-22,,,,,,
2019-11-25,,,,,,
2019-11-26,,,,,,
2019-11-27,,,,,,
2019-11-29,,,,,,
2019-12-02,,,,,,
2019-12-03,,,,,,
2019-12-04,,,,,,
2019-12-05,,,,,,
2019-12-06,,,,,,
2019-12-09,,,,,,
2019-12-10,,,,,,
2019-12-11,,,,,,
2019-12-12,,,,,,
2019-12-13,,,,,,
2019-12-16,,,,,,
2019-12-17,,,,,,
2019-12-18,,,,,,
2019-12-19,,,,,,
2019-12-20,,,,,,
2019-12-23,,,,,,
2019-12-24,,,,,,
2019-12-26,,,,,,
2019-12-27,,,,,,
2019-12-30,,,,,,
2019-12-31,,,,,,
2020-01-02,,,,,,
2020-01-03,,,,,,
2020-01-06,,,,,,
2020-01-07,,,,,,
2020-01-08,,,,,,
2020-01-09,,,,,,
2020-01-10,,,,,,
2020-01-13,,,,,,
2020-01-14,,,,,,
2020-01-15,,,,,,
2020-01-16,,,,,,
2020-01-17,,,,,,
2020-01-21,,,,,,
2020-01-22,,,,,,
2020-01-23,,,,,,
2020-01-24,,,,,,
2020-01-27,,,,,,
2020-01-28,,,,,,
2020-01-29,,,,,,
2020-01-30,,,,,,
2020-01-31,,,,,,
2020-02-03,,,,,,
2020-02-04,,,,,,
2020-02-05,,,,,,
2020-02-06,,,,,,
2020-02-07,,,,,,
2020-02-10,,,,,,
2020-02-11,,,,,,
2020-02-12,,,,,,
2020-02-13,,,,,,
2020-02-14,,,,,,
2020-02-18,,,,,,
2020-02-19,,,,,,
2020-02-20,,,,,,
2020-02-21,,,,,,
2020-02-24,,,,,,
2020-02-25,,,,,,
2020-02-26,,,,,,
2020-02-27,,,,,,
2020-02-28,,,,,,
2020-03-02,,,,,,
2020-03-03,,,,,,
2020-03-04,,,,,,
2020-03-05,,,,,,
2020-03-06,,,,,,
2020-03-09,,,,,,
2020-03-10,,,,,,
2020-03-11,,,,,,
2020-03-12,,,,,,
2020-03-13,,,,,,
2020-03-16,,,,,,
2020-03-17,,,,,,
2020-03-18,,,,,,
2020-03-19,,,,,,
2020-03-20,,,,,,
2020-03-23,,,,,,
2020-03-24,,,,,,
2020-03-25,,,,,,
2020-03-26,,,,,,
2020-03-27,,,,,,
2020-03-30,,,,,,
2020-03-31,,,,,,
2020-04-01,,,,,,
2020-04-02,,,,,,
2020-04-03,,,,,,
2020-04-06,,,,,,
2020-04-07,,,,,,
2020-04-08,,,,,,
2020-04-09,,,,,,
2020-04-13,,,,,,
2020-04-14,,,,,,
2020-04-15,,,,,,
2020-04-16,,,,,,
2020-04-17,,,,,,
2020-04-20,,,,,,
2020-04-21,,,,,,
2020-04-22,,,,,,
2020-04-23,,,,,,
2020-04-24,,,,,,
2020-04-27,,,,,,
2020-04-28,,,,,,
2020-04-29,,,,,,
2020-04-30,,,,,,
2020-05-01,,,,,,
2020-05-04,,,,,,
2020-05-05,,,,,,
2020-05-06,,,,,,
2020-05-07,,,,,,
2020-05-08,,,,,,
2020-05-11,,,,,,
2020-05-12,,,,,,
2020-05-13,,,,,,
2020-05-14,,,,,,
2020-05-15,,,,,,
2020-05-18,,,,,,
2020-05-19,,,,,,
2020-05-20,,,,,,
2020-05-21,,,,,,
2020-05-22,,,,,,
2020-05-26,,,,,,
2020-05-27,,,,,,
2020-05-28,,,,,,
2020-05-29,,,,,,
2020-06-01,,,,,,
2020-06-02,,,,,,
2020-06-03,,,,,,
2020-06-04,,,,,,
2020-06-05,,,,,,
2020-06-08,,,,,,
2020-06-09,,,,,,
2020-06-10,,,,,,
2020-06-11,,,,,,
2020-06-12,,,,,,
2020-06-15,,,,,,
2020-06-16,,,,,,
2020-06-17,,,,,,
2020-06-18,,,,,,
2020-06-19,,,,,,
2020-06-22,,,,,,
2020-06-23,,,,,,
2020-06-24,,,,,,
2020-06-25,,,,,,
2020-06-26,,,,,,
2020-06-29,,,,,,
2020-06-30,,,,,,
2020-07-01,,,,,,
2020-07-02,,,,,,
2020-07-06,,,,,,
2020-07-07,,,,,,
2020-07-08,,,,,,
2020-07-09,,,,,,
2020-07-10,,,,,,
2020-07-13,,,,,,
2020-07-14,,,,,,
2020-07-15,,,,,,
2020-07-16,,,,,,
2020-07-17,,,,,,
2020-07-20,,,,,,
2020-07-21,,,,,,
2020-07-22,,,,,,
2020-07-23,,,,,,
2020-07-24,,,,,,
2020-07-27,,,,,,
2020-07-28,,,,,,
2020-07-29,,,,,,
2020-07-30,,,,,,
2020-07-31,,,,,,
2020-08-03,,,,,,
2020-08-04,,,,,,
2020-08-05,,,,,,
2020-08-06,,,,,,
2020-08-07,,,,,,
2020-08-10,,,,,,
2020-08-11,,,,,,
2020-08-12,,,,,,
2020-08-13,,,,,,
2020-08-14,,,,,,
2020-08-17,,,,,,
2020-08-18,,,,,,
2020-08-19,,,,,,
2020-08-20,,,,,,
2020-08-21,,,,,,
2020-08-24,,,,,,
2020-08-25,,,,,,
2020-08-26,,,,,,
2020-08-27,,,,,,
2020-08-28,,,,,,
2020-08-31,,,,,,
2020-09-01,,,,,,
2020-09-02,,,,,,
2020-09-03,,,,,,
2020-09-04,,,,,,
2020-09-08,,,,,,
2020-09-09,,,,,,
2020-09-10,,,,,,
2020-09-11,,,,,,
2020-09-14,,,,,,
2020-09-15,,,,,,
2020-09-16,,,,,,
2020-09-17,,,,,,
2020-09-18,,,,,,
2020-09-21,,,,,,
2020-09-22,,,,,,
2020-09-23,,,,,,
2020-09-24,,,,,,
2020-09-25,,,,,,
2020-09-28,,,,,,
2020-09-29,,,,,,
2020-09-30,,,,,,
2020-10-01,,,,,,
2020-10-02,,,,,,
2020-10-05,,,,,,
2020-10-06,,,,,,
2020-10-07,,,,,,
2020-10-08,,,,,,
2020-10-09,,,,,,
2020-10-12,,,,,,
2020-10-13,,,,,,
2020-10-14,,,,,,
2020-10-15,,,,,,
2020-10-16,,,,,,
2020-10-19,,,,,,
2020-10-20,,,,,,
2020-10-21,,,,,,
2020-10-22,,,,,,
2020-10-23,,,,,,
2020-10-26,,,,,,
2020-10-27,,,,,,
2020-10-28,,,,,,
2020-10-29,,,,,,
2020-10-30,,,,,,
2020-11-02,,,,,,
2020-11-03,,,,,,
2020-11-04,,,,,,
2020-11-05,,,,,,
2020-11-06,,,,,,
2020-11-09,,,,,,
2020-11-10,,,,,,
2020-11-11,,,,,,
2020-11-12,,,,,,
2020-11-13,,,,,,
2020-11-16,,,,,,
2020-11-17,,,,,,
2020-11-18,,,,,,
2020-11-19,,,,,,
2020-11-20,,,,,,
2020-11-23,,,,,,
2020-11-24,,,,,,
2020-11-25,,,,,,
2020-11-27,,,,,,
2020-11-30,,,,,,
2020-12-01,,,,,,
2020-12-02,,,,,,
2020-12-03,,,,,,
2020-12-04,,,,,,
2020-12-07,,,,,,
2020-12-08,,,,,,
2020-12-09,,,,,,
2020-12-10,,,,,,
2020-12-11,,,,,,
2020-12-14,,,,,,
2020-12-15,,,,,,
2020-12-16,,,,,,
2020-12-17,,,,,,
2020-12-18,,,,,,
2020-12-21,,,,,,
2020-12-22,,,,,,
2020-12-23,,,,,,
2020-12-24,,,,,,
2020-12-28,,,,,,
2020-12-29,,,,,,
2020-12-30,,,,,,
2020-12-31,,,,,,
2021-01-04,,,,,,
2021-01-05,,,,,,
2021-01-06,,,,,,
2021-01-07,,,,,,
2021-01-08,,,,,,
2021-01-11,,,,,,
2021-01-12,,,,,,
2021-01-13,,,,,,
2021-01-14,,,,,,
2021-01-15,,,,,,
2021-01-19,,,,,,
2021-01-20,,,,,,
2021-01-21,,,,,,
2021-01-22,,,,,,
2021-01-25,,,,,,
2021-01-26,,,,,,
2021-01-27,,,,,,
2021-01-28,,,,,,
2021-01-29,,,,,,
2021-02-01,,,,,,
2021-02-02,,,,,,
2021-02-03,,,,,,
2021-02-04,,,,,,
2021-02-05,,,,,,
2021-02-08,,,,,,
2021-02-09,,,,,,
2021-02-10,,,,,,
2021-02-11,,,,,,
2021-02-12,,,,,,
2021-02-16,,,,,,
2021-02-17,,,,,,
2021-02-18,,,,,,
2021-02-19,,,,,,
2021-02-22,,,,,,
2021-02-23,,,,,,
2021-02-24,,,,,,
2021-02-25,,,,,,
2021-02-26,,,,,,
2021-03-01,,,,,,
2021-03-02,,,,,,
2021-03-03,,,,,,
2021-03-04,,,,,,
2021-03-05,,,,,,
2021-03-08,,,,,,
2021-03-09,,,,,,
2021-03-10,,,,,,
2021-03-11,,,,,,
2021-03-12,,,,,,
2021-03-15,,,,,,
2021-03-16,,,,,,
2021-03-17,,,,,,
2021-03-18,,,,,,
2021-03-19,,,,,,
2021-03-22,,,,,,
2021-03-23,,,,,,
2021-03-24,,,,,,
2021-03-25,,,,,,
2021-03-26,,,,,,
2021-03-29,,,,,,
2021-03-30,,,,,,
2021-03-31,,,,,,
2021-04-01,,,,,,
2021-04-05,,,,,,
2021-04-06,,,,,,
2021-04-07,,,,,,
2021-04-08,,,,,,
2021-04-09,,,,,,
2021-04-12,,,,,,
2021-04-13,,,,,,
2021-04-14,,,,,,
2021-04-15,,,,,,
2021-04-16,,,,,,
2021-04-19,,,,,,
2021-04-20,,,,,,
2021-04-21,,,,,,
2021-04-22,,,,,,
2021-04-23,,,,,,
2021-04-26,,,,,,
2021-04-27,,,,,,
2021-04-28,,,,,,
2021-04-29,,,,,,
2021-04-30,,,,,,
2021-05-03,,,,,,
2021-05-04,,,,,,
2021-05-05,,,,,,
2021-05-06,,,,,,
2021-05-07,,,,,,
2021-05-10,,,,,,
2021-05-11,,,,,,
2021-05-12,,,,,,
2021-05-13,,,,,,
2021-05-14,,,,,,
2021-05-17,,,,,,
2021-05-18,,,,,,
2021-05-19,,,,,,
2021-05-20,,,,,,
2021-05-21,,,,,,
2021-05-24,,,,,,
2021-05-25,,,,,,
2021-05-26,,,,,,
2021-05-27,,,,,,
2021-05-28,,,,,,
2021-06-01,,,,,,
2021-06-02,,,,,,
2021-06-03,,,,,,
2021-06-04,,,,,,
2021-06-07,,,,,,
2021-06-08,,,,,,
2021-06-09,,,,,,
2021-06-10,,,,,,
2021-06-11,,,,,,
2021-06-14,,,,,,
2021-06-15,,,,,,
2021-06-16,,,,,,
2021-06-17,,,,,,
2021-06-18,,,,,,
2021-06-21,,,,,,
2021-06-22,,,,,,
2021-06-23,,,,,,
2021-06-24,,,,,,
2021-06-25,,,,,,
2021-06-28,,,,,,
2021-06-29,,,,,,
2021-06-30,,,,,,
2021-07-01,,,,,,
2021-07-02,,,,,,
2021-07-06,,,,,,
2021-07-07,,,,,,
2021-07-08,,,,,,
2021-07-09,,,,,,
2021-07-12,,,,,,
2021-07-13,,,,,,
2021-07-14,,,,,,
2021-07-15,,,,,,
2021-07-16,,,,,,
2021-07-19,,,,,,
2021-07-20,,,,,,
2021-07-21,,,,,,
2021-07-22,,,,,,
2021-07-23,,,,,,
2021-07-26,,,,,,
2021-07-27,,,,,,
2021-07-28,,,,,,
2021-07-29,,,,,,
2021-07-30,,,,,,
2021-08-02,,,,,,
2021-08-03,,,,,,
2021-08-04,,,,,,
2021-08-05,,,,,,
2021-08-06,,,,,,
2021-08-09,,,,,,
2021-08-10,,,,,,
2021-08-11,,,,,,
2021-08-12,,,,,,
2021-08-13,,,,,,
2021-08-16,,,,,,
2021-08-17,,,,,,
2021-08-18,,,,,,
2021-08-19,,,,,,
2021-08-20,,,,,,
2021-08-23,,,,,,
2021-08-24,,,,,,
2021-08-25,,,,,,
2021-08-26,,,,,,
2021-08-27,,,,,,
2021-08-30,,,,,,
2021-08-31,,,,,,
2021-09-01,,,,,,
2021-09-02,,,,,,
2021-09-03,,,,,,
2021-09-07,,,,,,
2021-09-08,,,,,,
2021-09-09,,,,,,
2021-09-10,,,,,,
2021-09-13,,,,,,
2021-09-14,,,,,,
2021-09-15,,,,,,
2021-09-16,,,,,,
2021-09-17,,,,,,
2021-09-20,,,,,,
2021-09-21,,,,,,
2021-09-22,,,,,,
2021-09-23,,,,,,
2021-09-24,,,,,,
2021-09-27,,,,,,
2021-09-28,,,,,,
2021-09-29,,,,,,
2021-09-30,,,,,,
2021-10-01,,,,,,
2021-10-04,,,,,,
2021-10-05,,,,,,
2021-10-06,,,,,,
2021-10-07,,,,,,
2021-10-08,,,,,,
2021-10-11,,,,,,
2021-10-12,,,,,,
2021-10-13,,,,,,
2021-10-14,,,,,,
2021-10-15,,,,,,
2021-10-18,,,,,,
2021-10-19,,,,,,
2021-10-20,,,,,,
2021-10-21,,,,,,
2021-10-22,,,,,,
2021-10-25,,,,,,
2021-10-26,,,,,,
2021-10-27,,,,,,
2021-10-28,,,,,,
2021-10-29,,,,,,
2021-11-01,,,,,,
2021-11-02,,,,,,
2021-11-03,,,,,,
2021-11-04,,,,,,
2021-11-05,,,,,,
2021-11-08,,,,,,
2021-11-09,,,,,,
2021-11-10,,,,,,
2021-11-11,,,,,,
2021-11-12,,,,,,
2021-11-15,,,,,,
2021-11-16,,,,,,
2021-11-17,,,,,,
2021-11-18,,,,,,
2021-11-19,,,,,,
2021-11-22,,,,,,
2021-11-23,,,,,,
2021-11-24,,,,,,
2021-11-26,,,,,,
2021-11-29,,,,,,
2021-11-30,,,,,,
2021-12-01,,,,,,
2021-12-02,,,,,,
2021-12-03,,,,,,
2021-12-06,,,,,,
2021-12-07,,,,,,
2021-12-08,,,,,,
2021-12-09,,,,,,
2021-12-10,,,,,,
2021-12-13,,,,,,
2021-12-14,,,,,,
2021-12-15,,,,,,
2021-12-16,,,,,,
2021-12-17,,,,,,
2021-12-20,,,,,,
2021-12-21,,,,,,
2021-12-22,,,,,,
2021-12-23,,,,,,
2021-12-27,,,,,,
2021-12-28,,,,,,
2021-12-29,,,,,,
2021-12-30,,,,,,
2021-12-31,,,,,,
2022-01-03,,,,,,
2022-01-04,,,,,,
2022-01-05,,,,,,
2022-01-06,,,,,,
2022-01-07,,,,,,
2022-01-10,,,,,,
2022-01-11,,,,,,
2022-01-12,,,,,,
2022-01-13,,,,,,
2022-01-14,,,,,,
2022-01-18,,,,,,
2022-01-19,,,,,,
2022-01-20,,,,,,
2022-01-21,,,,,,
2022-01-24,,,,,,
2022-01-25,,,,,,
2022-01-26,,,,,,
2022-01-27,,,,,,
2022-01-28,,,,,,
2022-01-31,,,,,,
2022-02-01,,,,,,
2022-02-02,,,,,,
2022-02-03,,,,,,
2022-02-04,,,,,,
2022-02-07,,,,,,
2022-02-08,,,,,,
2022-02-09,,,,,,
2022-02-10,,,,,,
2022-02-11,,,,,,
2022-02-14,,,,,,
2022-02-15,,,,,,
2022-02-16,,,,,,
2022-02-17,,,,,,
2022-02-18,,,,,,
2022-02-22,,,,,,
2022-02-23,,,,,,
2022-02-24,,,,,,
2022-02-25,,,,,,
2022-02-28,,,,,,
2022-03-01,,,,,,
2022-03-02,,,,,,
2022-03-03,,,,,,
2022-03-04,,,,,,
2022-03-07,,,,,,
2022-03-08,,,,,,
2022-03-09,,,,,,
2022-03-10,,,,,,
2022-03-11,,,,,,
2022-03-14,,,,,,
2022-03-15,,,,,,
2022-03-16,,,,,,
2022-03-17,,,,,,
2022-03-18,,,,,,
2022-03-21,,,,,,
2022-03-22,,,,,,
2022-03-23,,,,,,
2022-03-24,,,,,,
2022-03-25,,,,,,
2022-03-28,,,,,,
2022-03-29,,,,,,
2022-03-30,,,,,,
2022-03-31,,,,,,
2022-04-01,,,,,,
2022-04-04,,,,,,
2022-04-05,,,,,,
2022-04-06,,,,,,
2022-04-07,,,,,,
2022-04-08,,,,,,
2022-04-11,,,,,,
2022-04-12,,,,,,
2022-04-13,,,,,,
2022-04-14,,,,,,
2022-04-18,,,,,,
2022-04-19,,,,,,
2022-04-20,,,,,,
2022-04-21,,,,,,
2022-04-22,,,,,,
2022-04-25,,,,,,
2022-04-26,,,,,,
2022-04-27,,,,,,
2022-04-28,,,,,,
2022-04-29,,,,,,
2022-05-02,,,,,,
2022-05-03,,,,,,
2022-05-04,,,,,,
2022-05-05,,,,,,
2022-05-06,,,,,,
2022-05-09,,,,,,
2022-05-10,,,,,,
2022-05-11,,,,,,
2022-05-12,,,,,,
2022-05-13,,,,,,
2022-05-16,,,,,,
2022-05-17,,,,,,
2022-05-18,,,,,,
2022-05-19,,,,,,
2022-05-20,,,,,,
2022-05-23,,,,,,
2022-05-24,,,,,,
2022-05-25,,,,,,
2022-05-26,,,,,,
2022-05-27,,,,,,
2022-05-31,,,,,,
2022-06-01,,,,,,
2022-06-02,,,,,,
2022-06-03,,,,,,
2022-06-06,,,,,,
2022-06-07,,,,,,
2022-06-08,,,,,,
2022-06-09,,,,,,
2022-06-10,,,,,,
2022-06-13,,,,,,
2022-06-14,,,,,,
2022-06-15,,,,,,
2022-06-16,,,,,,
2022-06-17,,,,,,
2022-06-21,,,,,,
2022-06-22,,,,,,
2022-06-23,,,,,,
2022-06-24,,,,,,
2022-06-27,,,,,,
2022-06-28,,,,,,
2022-06-29,,,,,,
2022-06-30,,,,,,
2022-07-01,,,,,,
2022-07-05,,,,,,
2022-07-06,,,,,,
2022-07-07,,,,,,
2022-07-08,,,,,,
2022-07-11,,,,,,
2022-07-12,,,,,,
2022-07-13,,,,,,
2022-07-14,,,,,,
2022-07-15,,,,,,
2022-07-18,,,,,,
2022-07-19,,,,,,
2022-07-20,,,,,,
2022-07-21,,,,,,
2022-07-22,,,,,,
2022-07-25,,,,,,
2022-07-26,,,,,,
2022-07-27,,,,,,
2022-07-28,,,,,,
2022-07-29,,,,,,
2022-08-01,,,,,,
2022-08-02,,,,,,
2022-08-03,,,,,,
2022-08-04,,,,,,
2022-08-05,,,,,,
2022-08-08,,,,,,
2022-08-09,,,,,,
2022-08-10,,,,,,
2022-08-11,,,,,,
2022-08-12,,,,,,
2022-08-15,,,,,,
2022-08-16,,,,,,
2022-08-17,,,,,,
2022-08-18,,,,,,
2022-08-19,,,,,,
2022-08-22,,,,,,
2022-08-23,,,,,,
2022-08-24,,,,,,
2022-08-25,,,,,,
2022-08-26,,,,,,
2022-08-29,,,,,,
2022-08-30,,,,,,
2022-08-31,,,,,,
2022-09-01,,,,,,
2022-09-02,,,,,,
2022-09-06,,,,,,
2022-09-07,,,,,,
2022-09-08,,,,,,
2022-09-09,,,,,,
2022-09-12,,,,,,
2022-09-13,,,,,,
2022-09-14,,,,,,
2022-09-15,,,,,,
2022-09-16,,,,,,
2022-09-19,,,,,,
2022-09-20,,,,,,
2022-09-21,,,,,,
2022-09-22,,,,,,
2022-09-23,,,,,,
2022-09-26,,,,,,
2022-09-27,,,,,,
2022-09-28,,,,,,
2022-09-29,,,,,,
2022-09-30,,,,,,
2022-10-03,,,,,,
2022-10-04,,,,,,
2022-10-05,,,,,,
2022-10-06,,,,,,
2022-10-07,,,,,,
2022-10-10,,,,,,
2022-10-11,,,,,,
2022-10-12,,,,,,
2022-10-13,,,,,,
2022-10-14,,,,,,
2022-10-17,,,,,,
2022-10-18,,,,,,
2022-10-19,,,,,,
2022-10-20,,,,,,
2022-10-21,,,,,,
2022-10-24,,,,,,
2022-10-25,,,,,,
2022-10-26,,,,,,
2022-10-27,,,,,,
2022-10-28,,,,,,
2022-10-31,,,,,,
2022-11-01,,,,,,
2022-11-02,,,,,,
2022-11-03,,,,,,
2022-11-04,,,,,,
2022-11-07,,,,,,
2022-11-08,,,,,,
2022-11-09,,,,,,
2022-11-10,,,,,,
2022-11-11,,,,,,
2022-11-14,,,,,,
2022-11-15,,,,,,
2022-11-16,,,,,,
2022-11-17,,,,,,
2022-11-18,,,,,,
2022-11-21,,,,,,
2022-11-22,,,,,,
2022-11-23,,,,,,
2022-11-25,,,,,,
2022-11-28,,,,,,
2022-11-29,,,,,,
2022-11-30,,,,,,
2022-12-01,,,,,,
2022-12-02,,,,,,
2022-12-05,,,,,,
2022-12-06,,,,,,
2022-12-07,,,,,,
2022-12-08,,,,,,
2022-12-09,,,,,,
2022-12-12,,,,,,
2022-12-13,,,,,,
2022-12-14,,,,,,
2022-12-15,,,,,,
2022-12-16,,,,,,
2022-12-19,,,,,,
2022-12-20,,,,,,
2022-12-21,,,,,,
2022-12-22,,,,,,
2022-12-23,,,,,,
2022-12-27,,,,,,
2022-12-28,,,,,,
2022-12-29,,,,,,
2022-12-30,,,,,,
2023-01-03,,,,,,
2023-01-04,,,,,,
2023-01-05,,,,,,
2023-01-06,,,,,,
2023-01-09,,,,,,
2023-01-10,,,,,,
2023-01-11,,,,,,
2023-01-12,,,,,,
2023-01-13,,,,,,
2023-01-17,,,,,,
2023-01-18,,,,,,
2023-01-19,,,,,,
2023-01-20,,,,,,
2023-01-23,,,,,,
2023-01-24,,,,,,
2023-01-25,,,,,,
2023-01-26,,,,,,
2023-01-27,,,,,,
2023-01-30,,,,,,
2023-01-31,,,,,,
2023-02-01,,,,,,
2023-02-02,,,,,,
2023-02-03,,,,,,
2023-02-06,,,,,,
2023-02-07,,,,,,
2023-02-08,,,,,,
2023-02-09,,,,,,
2023-02-10,,,,,,
2023-02-13,,,,,,
2023-02-14,,,,,,
2023-02-15,,,,,,
2023-02-16,,,,,,
2023-02-17,,,,,,
2023-02-21,,,,,,
2023-02-22,,,,,,
2023-02-23,,,,,,
2023-02-24,,,,,,
2023-02-27,,,,,,
2023-02-28,,,,,,
2023-03-01,,,,,,
2023-03-02,,,,,,
2023-03-03,,,,,,
2023-03-06,,,,,,
2023-03-07,,,,,,
2023-03-08,,,,,,
2023-03-09,,,,,,
2023-03-10,,,,,,
2023-03-13,,,,,,
2023-03-14,,,,,,
2023-03-15,,,,,,
2023-03-16,,,,,,
2023-03-17,,,,,,
2023-03-20,,,,,,
2023-03-21,,,,,,
2023-03-22,,,,,,
2023-03-23,,,,,,
2023-03-24,,,,,,
2023-03-27,,,,,,
2023-03-28,,,,,,
2023-03-29,,,,,,
2023-03-30,,,,,,
2023-03-31,,,,,,
2023-04-03,,,,,,
2023-04-04,,,,,,
2023-04-05,,,,,,
2023-04-06,,,,,,
2023-04-10,,,,,,
2023-04-11,,,,,,
2023-04-12,,,,,,
2023-04-13,,,,,,
2023-04-14,,,,,,
2023-04-17,,,,,,
2023-04-18,,,,,,
2023-04-19,,,,,,
2023-04-20,,,,,,
2023-04-21,,,,,,
2023-04-24,,,,,,
2023-04-25,,,,,,
2023-04-26,,,,,,
2023-04-27,,,,,,
2023-04-28,,,,,,
2023-05-01,,,,,,
2023-05-02,,,,,,
2023-05-03,,,,,,
2023-05-04,25.530000686645508,26.979999542236328,25.25,26.899999618530273,25.383251190185547,77004200.0
2023-05-05,26.65999984741211,27.030000686645508,26.209999084472656,26.5,25.005807876586914,11289900.0
2023-05-08,26.329999923706055,26.850000381469727,25.90999984741211,26.510000228881836,25.015247344970703,6308300.0
2023-05-09,26.510000228881836,26.84000015258789,26.06999969482422,26.280000686645508,24.7982120513916,4684000.0
2023-05-10,26.280000686645508,26.770000457763672,26.010000228881836,26.25,24.7699031829834,9602400.0
2023-05-11,26.030000686645508,26.329999923706055,26.0,26.0,24.534000396728516,5687300.0
2023-05-12,26.020000457763672,26.6200008392334,25.899999618530273,26.5,25.005807876586914,5433500.0
2023-05-15,26.5,27.795000076293945,26.5,27.5,25.94942283630371,7083200.0
2023-05-16,27.540000915527344,27.770000457763672,26.989999771118164,27.030000686645508,25.505924224853516,3818400.0
2023-05-17,27.299999237060547,27.700000762939453,26.600000381469727,27.219999313354492,25.685209274291992,3392200.0
2023-05-18,27.219999313354492,27.350000381469727,26.700000762939453,27.040000915527344,25.51535987854004,2648100.0
2023-05-19,27.040000915527344,27.259000778198242,26.690000534057617,27.229999542236328,25.69464874267578,1794300.0
2023-05-22,27.329999923706055,27.43000030517578,25.959999084472656,26.06999969482422,24.60004997253418,7509400.0
2023-05-23,26.010000228881836,26.260000228881836,25.809999465942383,26.0,24.534000396728516,2485000.0
2023-05-24,26.010000228881836,26.549999237060547,25.860000610351562,26.450000762939453,24.958629608154297,1953600.0
2023-05-25,26.5,26.639999389648438,25.899999618530273,26.329999923706055,24.845394134521484,2139400.0
2023-05-26,26.43000030517578,26.43000030517578,26.200000762939453,26.299999237060547,24.81708335876465,844100.0
2023-05-30,26.280000686645508,26.5,25.1299991607666,25.729999542236328,24.279226303100586,6340200.0
2023-05-31,25.6200008392334,25.6200008392334,24.989999771118164,25.09000015258789,23.675312042236328,6347800.0
2023-06-01,25.299999237060547,25.639999389648438,24.75,25.280000686645508,23.854597091674805,6072700.0
2023-06-02,25.260000228881836,25.700000762939453,24.969999313354492,25.549999237060547,24.109371185302734,2329400.0
2023-06-05,25.579999923706055,25.770000457763672,24.829999923706055,25.149999618530273,23.7319278717041,4737300.0
2023-06-06,25.0,25.389999389648438,24.899999618530273,25.170000076293945,23.75079917907715,1315000.0
2023-06-07,25.100000381469727,25.2549991607666,24.90999984741211,25.079999923706055,23.665874481201172,1626600.0
2023-06-08,24.989999771118164,25.15999984741211,24.809999465942383,25.110000610351562,23.694183349609375,2711800.0
2023-06-09,25.049999237060547,25.15999984741211,24.850000381469727,25.100000381469727,23.68474578857422,1874000.0
2023-06-12,25.010000228881836,25.200000762939453,24.75,25.020000457763672,23.6092586517334,2619800.0
2023-06-13,24.989999771118164,25.219999313354492,24.959999084472656,25.1299991607666,23.713056564331055,2039800.0
2023-06-14,25.1299991607666,25.489999771118164,25.1200008392334,25.34000015258789,23.91121482849121,2412000.0
2023-06-15,25.399999618530273,25.950000762939453,25.18000030517578,25.75,24.298099517822266,1442900.0
2023-06-16,25.850000381469727,26.260000228881836,25.700000762939453,26.25,24.7699031829834,2333000.0
2023-06-20,25.950000762939453,26.3799991607666,25.940000534057617,26.059999465942383,24.59061622619629,1487500.0
2023-06-21,26.190000534057617,26.700000762939453,25.770000457763672,26.200000762939453,24.72272491455078,3605900.0
2023-06-22,26.200000762939453,26.600000381469727,26.198999404907227,26.549999237060547,25.052989959716797,1130700.0
2023-06-23,26.549999237060547,26.739999771118164,26.270000457763672,26.479999542236328,24.986936569213867,2793400.0
2023-06-26,26.59000015258789,26.600000381469727,26.020000457763672,26.149999618530273,24.675540924072266,2507300.0
2023-06-27,26.020000457763672,26.06999969482422,25.190000534057617,25.889999389648438,24.430200576782227,2904600.0
2023-06-28,25.899999618530273,26.020000457763672,25.670000076293945,25.799999237060547,24.34527587890625,1807900.0
2023-06-29,25.739999771118164,26.219999313354492,25.709999084472656,25.989999771118164,24.524564743041992,1353900.0
2023-06-30,26.040000915527344,26.65999984741211,25.969999313354492,26.420000076293945,24.93031883239746,3936300.0
2023-07-03,26.309999465942383,26.600000381469727,25.799999237060547,26.040000915527344,24.571746826171875,7558600.0
2023-07-05,25.90999984741211,26.25,25.6200008392334,25.700000762939453,24.250917434692383,1990700.0
2023-07-06,25.549999237060547,25.80500030517578,25.3799991607666,25.6200008392334,24.175426483154297,4856900.0
2023-07-07,25.6200008392334,25.649999618530273,25.209999084472656,25.219999313354492,23.7979793548584,1793700.0
2023-07-10,25.309999465942383,25.524999618530273,25.100000381469727,25.25,23.8262882232666,2121200.0
2023-07-11,25.479999542236328,25.549999237060547,25.0049991607666,25.079999923706055,23.665874481201172,1942600.0
2023-07-12,25.270000457763672,25.3700008392334,24.959999084472656,25.25,23.8262882232666,2320900.0
2023-07-13,25.420000076293945,25.5,24.8799991607666,25.399999618530273,23.967830657958984,2477900.0
2023-07-14,25.530000686645508,25.610000610351562,24.719999313354492,24.940000534057617,23.533769607543945,3830200.0
2023-07-17,24.899999618530273,25.059999465942383,24.739999771118164,24.889999389648438,23.486587524414062,1709200.0
2023-07-18,24.75,25.030000686645508,24.7450008392334,24.809999465942383,23.411096572875977,1713500.0
2023-07-19,24.8799991607666,25.040000915527344,24.5,25.0,23.590383529663086,2870800.0
2023-07-20,23.950000762939453,24.615999221801758,22.489999771118164,24.510000228881836,23.128013610839844,36675600.0
2023-07-21,24.649999618530273,24.8799991607666,23.780000686645508,24.010000228881836,22.656206130981445,14585700.0
2023-07-24,23.170000076293945,24.40999984741211,23.1200008392334,24.15999984741211,22.797744750976562,22641600.0
2023-07-25,24.34000015258789,25.1200008392334,24.149999618530273,25.1200008392334,23.70362091064453,15018100.0
2023-07-26,25.09000015258789,25.229999542236328,24.28499984741211,24.690000534057617,23.29786491394043,10716400.0
2023-07-27,24.950000762939453,25.0,23.959999084472656,24.239999771118164,22.87323760986328,11476200.0
2023-07-28,24.229999542236328,24.43000030517578,24.049999237060547,24.399999618530273,23.024215698242188,13214600.0
2023-07-31,24.010000228881836,24.079999923706055,23.4950008392334,23.68000030517578,22.344812393188477,14630700.0
2023-08-01,23.510000228881836,23.770000457763672,23.3799991607666,23.649999618530273,22.316505432128906,14685500.0
2023-08-02,23.549999237060547,23.920000076293945,23.3700008392334,23.899999618530273,22.55240821838379,16233200.0
2023-08-03,24.030000686645508,24.434999465942383,23.75,23.989999771118164,22.637332916259766,16111000.0
2023-08-04,24.020000457763672,24.020000457763672,23.270000457763672,23.530000686645508,22.203271865844727,20999100.0
2023-08-07,23.670000076293945,23.676000595092773,23.31999969482422,23.540000915527344,22.21270751953125,15379100.0
2023-08-08,23.549999237060547,23.549999237060547,23.209999084472656,23.3799991607666,22.061725616455078,20150600.0
2023-08-09,23.299999237060547,23.440000534057617,23.059999465942383,23.350000381469727,22.033418655395508,40849100.0
2023-08-10,23.75,23.889999389648438,23.110000610351562,23.3700008392334,22.05229377746582,51365500.0
2023-08-11,23.299999237060547,23.799999237060547,23.25,23.719999313354492,22.382558822631836,46062600.0
2023-08-14,23.600000381469727,23.700000762939453,22.850000381469727,22.940000534057617,21.64653968811035,89481200.0
2023-08-15,22.920000076293945,23.770000457763672,22.639999389648438,23.260000228881836,21.948495864868164,105996500.0
2023-08-16,23.489999771118164,23.549999237060547,22.809999465942383,22.93000030517578,21.637100219726562,86179200.0
2023-08-17,23.1200008392334,23.290000915527344,22.549999237060547,22.780000686645508,21.495559692382812,71709300.0
2023-08-18,22.959999084472656,23.0,22.360000610351562,22.8700008392334,21.580486297607422,93530500.0
2023-08-21,23.170000076293945,23.690000534057617,22.809999465942383,22.899999618530273,21.608795166015625,178017500.0
2023-08-22,23.239999771118164,23.81999969482422,23.1200008392334,23.739999771118164,22.401430130004883,90558800.0
2023-08-23,23.850000381469727,24.049999237060547,23.6200008392334,23.6200008392334,22.288196563720703,119406800.0
2023-08-24,23.959999084472656,24.100000381469727,23.139999389648438,23.65999984741211,22.32594108581543,372341300.0
2023-08-25,23.200000762939453,23.290000915527344,22.81999969482422,22.969999313354492,21.8596248626709,86974600.0
2023-08-28,22.920000076293945,23.200000762939453,22.610000610351562,22.969999313354492,21.8596248626709,39395000.0
2023-08-29,22.729999542236328,23.125,22.56999969482422,22.860000610351562,21.754941940307617,59445800.0
2023-08-30,22.84000015258789,23.139999389648438,22.649999618530273,23.06999969482422,21.954790115356445,36094000.0
2023-08-31,23.09000015258789,23.329999923706055,23.010000228881836,23.049999237060547,21.935758590698242,36119700.0
2023-09-01,23.200000762939453,23.329999923706055,22.8700008392334,22.959999084472656,21.85011100769043,27565400.0
2023-09-05,22.920000076293945,22.979999542236328,22.59000015258789,22.610000610351562,21.517026901245117,28465000.0
2023-09-06,22.65999984741211,22.709999084472656,22.299999237060547,22.3799991607666,21.298147201538086,24727700.0
2023-09-07,22.440000534057617,22.579999923706055,20.959999084472656,20.989999771118164,19.975339889526367,102648300.0
2023-09-08,20.860000610351562,21.43000030517578,20.375,21.299999237060547,20.270353317260742,59635700.0
2023-09-11,22.1299991607666,22.18000030517578,21.600000381469727,22.06999969482422,21.00313377380371,42830600.0
2023-09-12,22.079999923706055,22.1200008392334,21.010000228881836,21.059999465942383,20.04195785522461,43697200.0
2023-09-13,21.09000015258789,21.90999984741211,21.079999923706055,21.600000381469727,20.555850982666016,35434500.0
2023-09-14,21.829999923706055,21.829999923706055,21.4950008392334,21.739999771118164,20.689085006713867,22195700.0
2023-09-15,21.719999313354492,21.8700008392334,21.200000762939453,21.219999313354492,20.1942195892334,32263700.0
2023-09-18,21.350000381469727,21.350000381469727,20.829999923706055,21.079999923706055,20.060989379882812,18035300.0
2023-09-19,20.90999984741211,21.100000381469727,20.690000534057617,21.059999465942383,20.04195785522461,21142800.0
2023-09-20,21.25,21.399999618530273,20.8799991607666,20.889999389648438,19.880170822143555,15623200.0
2023-09-21,20.920000076293945,21.260000228881836,20.709999084472656,20.84000015258789,19.832590103149414,20599600.0
2023-09-22,20.950000762939453,21.024999618530273,20.5,20.549999237060547,19.556610107421875,14865900.0
2023-09-25,20.510000228881836,20.850000381469727,20.469999313354492,20.829999923706055,19.823076248168945,16272000.0
2023-09-26,20.59000015258789,20.850000381469727,20.479999542236328,20.639999389648438,19.642257690429688,23574200.0
2023-09-27,20.709999084472656,20.799999237060547,20.040000915527344,20.219999313354492,19.242563247680664,25270500.0
2023-09-28,20.1200008392334,20.280000686645508,19.950000762939453,20.110000610351562,19.137880325317383,32556800.0
2023-09-29,20.270000457763672,20.325000762939453,20.020000457763672,20.079999923706055,19.109329223632812,27974000.0
2023-10-02,20.239999771118164,20.479999542236328,20.135000228881836,20.31999969482422,19.337726593017578,25296300.0
2023-10-03,20.389999389648438,20.59000015258789,19.90999984741211,19.989999771118164,19.023677825927734,24924500.0
2023-10-04,19.920000076293945,19.989999771118164,19.549999237060547,19.729999542236328,18.776248931884766,19610400.0
2023-10-05,19.809999465942383,19.905000686645508,19.579999923706055,19.760000228881836,18.804798126220703,18014900.0
2023-10-06,19.670000076293945,20.260000228881836,19.389999389648438,20.06999969482422,19.09981346130371,25090300.0
2023-10-09,19.8700008392334,20.125,19.670000076293945,19.8700008392334,18.90948486328125,16032800.0
2023-10-10,19.920000076293945,20.079999923706055,19.6299991607666,19.690000534057617,18.738183975219727,13937900.0
2023-10-11,19.829999923706055,19.8799991607666,19.360000610351562,19.56999969482422,18.623981475830078,20414700.0
2023-10-12,19.600000381469727,19.719999313354492,19.235000610351562,19.31999969482422,18.386066436767578,14461500.0
2023-10-13,19.3799991607666,19.489999771118164,19.25,19.3700008392334,18.433650970458984,16410700.0
2023-10-16,19.3700008392334,19.719999313354492,19.094999313354492,19.540000915527344,18.595436096191406,15272000.0
2023-10-17,19.290000915527344,19.899999618530273,19.010000228881836,19.780000686645508,18.82383155822754,18750100.0
2023-10-18,19.790000915527344,20.079999923706055,19.690000534057617,20.059999465942383,19.090295791625977,18294200.0
2023-10-19,20.049999237060547,20.208999633789062,19.81999969482422,19.84000015258789,18.880931854248047,18831500.0
2023-10-20,19.8700008392334,20.030000686645508,19.719999313354492,19.739999771118164,18.785764694213867,24056500.0
2023-10-23,19.520000457763672,19.80500030517578,19.424999237060547,19.68000030517578,18.72866439819336,19716500.0
2023-10-24,19.68000030517578,20.003000259399414,19.649999618530273,19.979999542236328,19.014163970947266,21650900.0
2023-10-25,20.0,20.118999481201172,19.719999313354492,19.729999542236328,18.776248931884766,24711200.0
2023-10-26,18.850000381469727,19.1299991607666,18.5,18.690000534057617,17.786521911621094,60514900.0
2023-10-27,18.604999542236328,18.709999084472656,18.084999084472656,18.209999084472656,17.32972526550293,43215400.0
2023-10-30,18.34000015258789,18.875,17.81999969482422,18.639999389648438,17.738937377929688,39398800.0
2023-10-31,18.809999465942383,18.8799991607666,18.5,18.600000381469727,17.70087242126465,81622600.0
2023-11-01,18.579999923706055,18.899999618530273,18.405000686645508,18.8799991607666,17.967336654663086,20218100.0
2023-11-02,19.0,19.2450008392334,18.780000686645508,19.229999542236328,18.300416946411133,15439000.0
2023-11-03,19.489999771118164,19.709999084472656,19.299999237060547,19.3700008392334,18.433650970458984,16872900.0
2023-11-06,19.459999084472656,19.540000915527344,19.239999771118164,19.350000381469727,18.41461753845215,13242000.0
2023-11-07,19.219999313354492,19.610000610351562,19.18600082397461,19.600000381469727,18.847339630126953,12172600.0
2023-11-08,19.559999465942383,19.704999923706055,19.110000610351562,19.15999984741211,18.424232482910156,13552100.0
2023-11-09,19.280000686645508,19.299999237060547,19.040000915527344,19.219999313354492,18.481929779052734,10423400.0
2023-11-10,19.25,19.315000534057617,19.09000015258789,19.149999618530273,18.41461753845215,14475400.0
2023-11-13,19.149999618530273,19.190000534057617,18.9950008392334,19.100000381469727,18.366540908813477,14283900.0
2023-11-14,19.239999771118164,19.600000381469727,19.1200008392334,19.40999984741211,18.664634704589844,16003900.0
2023-11-15,19.59000015258789,19.770000457763672,19.489999771118164,19.600000381469727,18.847339630126953,16026300.0
2023-11-16,19.559999465942383,19.639999389648438,19.469999313354492,19.610000610351562,18.856952667236328,12665000.0
2023-11-17,19.559999465942383,19.809999465942383,19.479999542236328,19.68000030517578,18.924264907836914,12840900.0
2023-11-20,19.709999084472656,19.8799991607666,19.459999084472656,19.75,18.991579055786133,18248800.0
2023-11-21,19.739999771118164,20.040000915527344,19.719999313354492,19.899999618530273,19.135818481445312,17662900.0
2023-11-22,20.0,20.309999465942383,19.969999313354492,20.040000915527344,19.270442962646484,21322700.0
2023-11-24,20.1200008392334,20.4950008392334,20.1200008392334,20.25,19.47237777709961,12663700.0
2023-11-27,20.190000534057617,20.270000457763672,20.010000228881836,20.15999984741211,19.385833740234375,32839900.0
2023-11-28,20.149999618530273,20.25,20.079999923706055,20.15999984741211,19.385833740234375,19154500.0
2023-11-29,20.229999542236328,20.360000610351562,20.059999465942383,20.079999923706055,19.30890464782715,13457500.0
2023-11-30,20.219999313354492,20.459999084472656,20.040000915527344,20.440000534057617,19.655080795288086,47302700.0
2023-12-01,20.309999465942383,20.790000915527344,20.309999465942383,20.690000534057617,19.89548110961914,17798700.0
2023-12-04,20.6200008392334,20.850000381469727,20.5,20.6200008392334,19.828168869018555,22516200.0
2023-12-05,20.59000015258789,20.649999618530273,20.15999984741211,20.170000076293945,19.395448684692383,19199000.0
2023-12-06,20.219999313354492,20.25,19.219999313354492,19.389999389648438,18.645402908325195,37456400.0
2023-12-07,19.59000015258789,21.38800048828125,19.5,20.809999465942383,20.010873794555664,60070800.0
2023-12-08,20.8799991607666,21.0,20.600000381469727,20.610000610351562,19.818553924560547,24534800.0
2023-12-11,20.5,20.719999313354492,20.299999237060547,20.59000015258789,19.799318313598633,18094900.0
2023-12-12,20.65999984741211,20.90999984741211,20.3700008392334,20.75,19.953174591064453,17755000.0
2023-12-13,20.84000015258789,21.040000915527344,20.514999389648438,21.040000915527344,20.232040405273438,19393500.0
2023-12-14,21.1299991607666,21.260000228881836,20.829999923706055,21.059999465942383,20.251270294189453,19302400.0
2023-12-15,20.8700008392334,21.059999465942383,20.780000686645508,20.989999771118164,20.1839599609375,38178500.0
2023-12-18,21.100000381469727,21.1299991607666,20.8799991607666,21.010000228881836,20.20319366455078,16832900.0
2023-12-19,22.25,22.30500030517578,21.235000610351562,21.469999313354492,20.645526885986328,50883800.0
2023-12-20,21.389999389648438,21.68000030517578,20.895000457763672,20.950000762939453,20.145496368408203,24956700.0
2023-12-21,21.049999237060547,21.239999771118164,20.920000076293945,21.219999313354492,20.405128479003906,14647200.0
2023-12-22,21.25,21.420000076293945,21.209999084472656,21.360000610351562,20.539752960205078,9576800.0
2023-12-26,21.25,21.395000457763672,21.135000228881836,21.290000915527344,20.47243881225586,8128600.0
2023-12-27,21.270000457763672,21.549999237060547,21.260000228881836,21.549999237060547,20.722454071044922,10852400.0
2023-12-28,21.524999618530273,21.649999618530273,21.389999389648438,21.469999313354492,20.645526885986328,8146900.0
2023-12-29,21.40999984741211,21.559999465942383,21.329999923706055,21.530000686645508,20.70322608947754,9357100.0
2024-01-02,21.450000762939453,21.854999542236328,21.420000076293945,21.56999969482422,20.74168586730957,35216200.0
2024-01-03,21.420000076293945,21.600000381469727,21.184999465942383,21.270000457763672,20.45320701599121,18892500.0
2024-01-04,21.290000915527344,21.385000228881836,20.889999389648438,20.899999618530273,20.097415924072266,16729000.0
2024-01-05,21.0,21.40999984741211,20.93899917602539,21.350000381469727,20.53013801574707,24853800.0
2024-01-08,21.25,21.649999618530273,21.25,21.6299991607666,20.79938316345215,14321000.0
2024-01-09,21.520000457763672,21.860000610351562,21.520000457763672,21.850000381469727,21.010934829711914,18106300.0
2024-01-10,21.799999237060547,21.899999618530273,21.549999237060547,21.770000457763672,20.93400764465332,17925900.0
2024-01-11,21.690000534057617,21.940000534057617,21.459999084472656,21.93000030517578,21.08786392211914,16607600.0
2024-01-12,22.0,22.040000915527344,21.440000534057617,21.510000228881836,20.683992385864258,16986400.0
2024-01-16,21.43000030517578,21.4950008392334,21.079999923706055,21.229999542236328,20.414743423461914,12962400.0
2024-01-17,21.059999465942383,21.2450008392334,20.924999237060547,20.979999542236328,20.17434310913086,14488900.0
2024-01-18,20.889999389648438,21.010000228881836,20.729999542236328,20.940000534057617,20.135881423950195,9154600.0
2024-01-19,20.950000762939453,20.950000762939453,20.530000686645508,20.709999084472656,19.91471290588379,15841200.0
2024-01-22,20.520000457763672,20.690000534057617,20.280000686645508,20.440000534057617,19.655080795288086,20041600.0
2024-01-23,20.594999313354492,20.979999542236328,20.559999465942383,20.90999984741211,20.107030868530273,16013200.0
2024-01-24,20.8700008392334,20.975000381469727,20.40999984741211,20.43000030517578,19.645465850830078,12345100.0
2024-01-25,20.600000381469727,20.790000915527344,20.44099998474121,20.75,19.953174591064453,12613600.0
2024-01-26,20.889999389648438,20.989999771118164,20.790000915527344,20.84000015258789,20.03972053527832,14121400.0
2024-01-29,20.84000015258789,21.110000610351562,20.81999969482422,21.040000915527344,20.232040405273438,10817100.0
2024-01-30,20.950000762939453,20.979999542236328,20.71299934387207,20.8700008392334,20.06856918334961,10593500.0
2024-01-31,20.950000762939453,20.959999084472656,20.729999542236328,20.760000228881836,19.962791442871094,13225600.0
2024-02-01,20.780000686645508,21.0,20.540000915527344,20.889999389648438,20.087799072265625,11400600.0
2024-02-02,20.719999313354492,20.920000076293945,20.6299991607666,20.829999923706055,20.030105590820312,12677200.0
2024-02-05,20.75,20.75,20.253000259399414,20.479999542236328,19.69354248046875,12643400.0
2024-02-06,20.440000534057617,20.75,20.399999618530273,20.600000381469727,19.808937072753906,13267100.0
2024-02-07,20.739999771118164,20.739999771118164,20.40999984741211,20.520000457763672,19.732009887695312,26170300.0
2024-02-08,19.850000381469727,20.045000076293945,19.299999237060547,19.329999923706055,18.587705612182617,44119600.0
2024-02-09,19.200000762939453,19.614999771118164,19.079999923706055,19.329999923706055,18.587705612182617,24589600.0
2024-02-12,19.469999313354492,19.639999389648438,19.30500030517578,19.59000015258789,18.837722778320312,17750800.0
2024-02-13,19.399999618530273,19.584999084472656,19.09000015258789,19.25,18.70170783996582,16678500.0
2024-02-14,19.219999313354492,19.364999771118164,19.010000228881836,19.09000015258789,18.546266555786133,15853000.0
2024-02-15,19.110000610351562,19.260000228881836,19.0,19.049999237060547,18.507404327392578,18646500.0
2024-02-16,19.010000228881836,19.100000381469727,18.915000915527344,19.049999237060547,18.507404327392578,16387200.0
2024-02-20,18.989999771118164,19.1299991607666,18.850000381469727,19.059999465942383,18.517120361328125,15817600.0
2024-02-21,19.100000381469727,19.334999084472656,18.899999618530273,19.299999237060547,18.75028419494629,12660700.0
2024-02-22,19.260000228881836,19.31999969482422,18.950000762939453,19.190000534057617,18.64341926574707,11359000.0
2024-02-23,19.149999618530273,19.325000762939453,19.049999237060547,19.18000030517578,18.63370132446289,13774600.0
2024-02-26,19.139999389648438,19.142000198364258,18.84000015258789,18.940000534057617,18.40053939819336,17420200.0
2024-02-27,18.90999984741211,18.969999313354492,18.719999313354492,18.920000076293945,18.3811092376709,15954200.0
2024-02-28,18.93000030517578,19.170000076293945,18.709999084472656,19.139999389648438,18.59484100341797,16447700.0
2024-02-29,19.15999984741211,19.264999389648438,18.899999618530273,19.0,18.45882797241211,19298500.0
2024-03-01,18.81999969482422,18.940000534057617,18.690000534057617,18.81999969482422,18.28395652770996,14047900.0
2024-03-04,18.760000228881836,19.079999923706055,18.610000610351562,18.959999084472656,18.419967651367188,18745500.0
2024-03-05,18.90999984741211,19.200000762939453,18.829999923706055,19.010000228881836,18.46854591369629,19216100.0
2024-03-06,19.0,19.760000228881836,18.989999771118164,19.579999923706055,19.022308349609375,17447900.0
2024-03-07,19.690000534057617,20.229999542236328,19.665000915527344,19.799999237060547,19.23604393005371,22510900.0
2024-03-08,19.690000534057617,20.1299991607666,19.670000076293945,20.020000457763672,19.449777603149414,11932400.0
2024-03-11,20.059999465942383,20.34000015258789,20.020000457763672,20.149999618530273,19.576074600219727,12106400.0
2024-03-12,20.190000534057617,20.388999938964844,20.1200008392334,20.139999389648438,19.56635856628418,12156700.0
2024-03-13,20.200000762939453,20.549999237060547,20.200000762939453,20.40999984741211,19.82866668701172,23717400.0
2024-03-14,20.260000228881836,20.3700008392334,19.915000915527344,20.06999969482422,19.498353958129883,18494000.0
2024-03-15,19.799999237060547,20.415000915527344,19.799999237060547,20.34000015258789,19.760663986206055,68561900.0
2024-03-18,20.110000610351562,20.3799991607666,19.969999313354492,20.200000762939453,19.624650955200195,18907400.0
2024-03-19,20.34000015258789,20.399999618530273,20.100000381469727,20.200000762939453,19.624650955200195,18217300.0
2024-03-20,20.15999984741211,20.415000915527344,20.075000762939453,20.40999984741211,19.82866668701172,13173300.0
2024-03-21,20.420000076293945,20.920000076293945,20.420000076293945,20.709999084472656,20.1201229095459,18323600.0
2024-03-22,20.780000686645508,20.8700008392334,20.540000915527344,20.600000381469727,20.01325798034668,10408800.0
2024-03-25,20.709999084472656,20.905000686645508,20.565000534057617,20.649999618530273,20.06183433532715,11924700.0
2024-03-26,20.719999313354492,21.020000457763672,20.639999389648438,20.93000030517578,20.3338565826416,14484300.0
2024-03-27,21.010000228881836,21.459999084472656,20.979999542236328,21.450000762939453,20.839046478271484,13286700.0
2024-03-28,21.579999923706055,21.579999923706055,21.360000610351562,21.459999084472656,20.84876251220703,14405400.0
2024-04-01,21.440000534057617,21.479999542236328,21.110000610351562,21.229999542236328,20.62531280517578,10457500.0
2024-04-02,21.25,21.299999237060547,20.799999237060547,20.81999969482422,20.226991653442383,15495100.0
2024-04-03,20.75,20.780000686645508,20.229999542236328,20.34000015258789,19.760663986206055,15066200.0
2024-04-04,20.510000228881836,20.579999923706055,20.149999618530273,20.170000076293945,19.595504760742188,12183400.0
2024-04-05,20.1200008392334,20.309999465942383,20.049999237060547,20.25,19.673227310180664,11313100.0
2024-04-08,20.25,20.260000228881836,20.049999237060547,20.059999465942383,19.488636016845703,9262800.0
2024-04-09,20.09000015258789,20.450000762939453,19.989999771118164,20.350000381469727,19.77037811279297,10106700.0
2024-04-10,20.139999389648438,20.290000915527344,20.010000228881836,20.239999771118164,19.663509368896484,11808100.0
2024-04-11,19.959999084472656,19.979999542236328,19.350000381469727,19.450000762939453,18.896011352539062,25410000.0
2024-04-12,19.440000534057617,19.540000915527344,19.114999771118164,19.1299991607666,18.585126876831055,9414800.0
2024-04-15,19.299999237060547,19.350000381469727,19.010000228881836,19.1299991607666,18.585126876831055,13423300.0
2024-04-16,19.079999923706055,19.170000076293945,18.850000381469727,19.110000610351562,18.565696716308594,20306600.0
2024-04-17,19.329999923706055,19.350000381469727,19.049999237060547,19.270000457763672,18.72113800048828,10022900.0
2024-04-18,19.3700008392334,19.610000610351562,19.260000228881836,19.579999923706055,19.022308349609375,11215700.0
2024-04-19,19.489999771118164,19.690000534057617,19.385000228881836,19.579999923706055,19.022308349609375,9506100.0
2024-04-22,19.579999923706055,19.709999084472656,19.18000030517578,19.579999923706055,19.022308349609375,17453800.0
2024-04-23,19.600000381469727,19.71500015258789,19.264999389648438,19.3700008392334,18.81829071044922,19765100.0
2024-04-24,19.270000457763672,19.350000381469727,19.104999542236328,19.1299991607666,18.585126876831055,22713800.0
2024-04-25,19.219999313354492,19.295000076293945,18.989999771118164,19.020000457763672,18.478260040283203,14246300.0
2024-04-26,19.0,19.079999923706055,18.834999084472656,18.860000610351562,18.322818756103516,15454700.0
2024-04-29,18.850000381469727,19.075000762939453,18.774999618530273,19.059999465942383,18.517120361328125,13240500.0
2024-04-30,18.90999984741211,19.059999465942383,18.739999771118164,18.81999969482422,18.28395652770996,26872700.0
2024-05-01,18.889999389648438,19.010000228881836,18.639999389648438,18.850000381469727,18.313100814819336,12771100.0
2024-05-02,18.940000534057617,19.260000228881836,18.940000534057617,19.1200008392334,18.575410842895508,22724700.0
2024-05-03,19.09000015258789,19.350000381469727,19.075000762939453,19.200000762939453,18.65313148498535,15941000.0
2024-05-06,19.31999969482422,19.3799991607666,18.934999465942383,19.079999923706055,18.536550521850586,26549600.0
2024-05-07,19.450000762939453,20.229999542236328,19.450000762939453,20.079999923706055,19.7147216796875,30039600.0
2024-05-08,20.079999923706055,20.68000030517578,19.989999771118164,20.450000762939453,20.077991485595703,24428800.0
2024-05-09,20.510000228881836,20.610000610351562,20.364999771118164,20.540000915527344,20.16635513305664,14394600.0
2024-05-10,20.59000015258789,20.614999771118164,20.329999923706055,20.540000915527344,20.16635513305664,15019500.0
2024-05-13,20.299999237060547,20.78499984741211,20.170000076293945,20.360000610351562,19.9896297454834,20853100.0
2024-05-14,20.5,20.950000762939453,20.389999389648438,20.6299991607666,20.254716873168945,21289500.0
2024-05-15,20.200000762939453,20.7450008392334,20.1200008392334,20.540000915527344,20.16635513305664,97658200.0
2024-05-16,20.649999618530273,20.94499969482422,20.514999389648438,20.600000381469727,20.225261688232422,71519400.0
2024-05-17,20.719999313354492,20.739999771118164,20.3799991607666,20.469999313354492,20.097625732421875,31071000.0
2024-05-20,20.5,20.549999237060547,19.8799991607666,19.899999618530273,19.537994384765625,24636700.0
2024-05-21,19.93000030517578,20.100000381469727,19.670000076293945,19.969999313354492,19.606721878051758,27778900.0
2024-05-22,19.8799991607666,20.1299991607666,19.80500030517578,19.8799991607666,19.51835823059082,15202600.0
2024-05-23,19.860000610351562,19.899999618530273,19.3799991607666,19.440000534057617,19.08636474609375,16089700.0
2024-05-24,19.469999313354492,19.549999237060547,19.135000228881836,19.350000381469727,18.998001098632812,24363700.0
2024-05-28,19.209999084472656,19.40999984741211,19.100000381469727,19.25,18.89982032775879,16231100.0
2024-05-29,19.059999465942383,19.18000030517578,18.850000381469727,18.8700008392334,18.5267333984375,13001900.0
2024-05-30,18.8700008392334,19.1200008392334,18.84000015258789,18.989999771118164,18.644550323486328,17340100.0
2024-05-31,19.010000228881836,19.34000015258789,18.8700008392334,19.299999237060547,18.948909759521484,31659300.0
2024-06-03,19.139999389648438,19.469999313354492,19.1200008392334,19.239999771118164,18.890003204345703,15902600.0
2024-06-04,19.260000228881836,19.260000228881836,18.915000915527344,19.149999618530273,18.801639556884766,18523500.0
2024-06-05,19.06999969482422,19.18000030517578,18.81999969482422,18.989999771118164,18.644550323486328,20674500.0
2024-06-06,18.850000381469727,18.979999542236328,18.520000457763672,18.6299991607666,18.29109764099121,27907800.0
2024-06-07,18.68000030517578,18.760000228881836,18.3700008392334,18.389999389648438,18.055463790893555,17923400.0
2024-06-10,18.280000686645508,18.40999984741211,18.084999084472656,18.290000915527344,17.957284927368164,16438100.0
2024-06-11,18.209999084472656,18.479999542236328,18.09000015258789,18.469999313354492,18.134008407592773,23197400.0
2024-06-12,18.5,18.600000381469727,17.899999618530273,17.959999084472656,17.63328742980957,19717800.0
2024-06-13,18.0,18.15999984741211,17.83300018310547,18.030000686645508,17.702014923095703,14768100.0
2024-06-14,17.889999389648438,18.079999923706055,17.75,18.06999969482422,17.74128532409668,15356100.0
2024-06-17,17.959999084472656,18.81999969482422,17.959999084472656,18.790000915527344,18.44818878173828,20146700.0
2024-06-18,18.780000686645508,18.885000228881836,18.399999618530273,18.520000457763672,18.183101654052734,21747100.0
2024-06-20,18.649999618530273,18.860000610351562,18.549999237060547,18.84000015258789,18.497278213500977,24977100.0
2024-06-21,18.90999984741211,18.989999771118164,18.399999618530273,18.530000686645508,18.19291877746582,63342100.0
2024-06-24,18.81999969482422,18.979999542236328,18.684999465942383,18.899999618530273,18.55618667602539,19862800.0
2024-06-25,18.780000686645508,18.8700008392334,18.520000457763672,18.649999618530273,18.310733795166016,15265400.0
2024-06-26,18.5,18.610000610351562,18.260000228881836,18.59000015258789,18.251827239990234,16542100.0
2024-06-27,18.559999465942383,18.6200008392334,18.329999923706055,18.420000076293945,18.084918975830078,18657600.0
2024-06-28,18.43000030517578,18.59000015258789,18.040000915527344,18.18000030517578,17.849285125732422,57323300.0
2024-07-01,18.229999542236328,18.395000457763672,17.885000228881836,17.950000762939453,17.62346839904785,21089800.0
2024-07-02,18.010000228881836,18.260000228881836,17.989999771118164,18.239999771118164,17.908193588256836,14781800.0
2024-07-03,18.3799991607666,18.415000915527344,18.200000762939453,18.309999465942383,17.976919174194336,5859500.0
2024-07-05,18.280000686645508,18.31999969482422,18.139999389648438,18.309999465942383,17.976919174194336,12172600.0
2024-07-08,18.290000915527344,18.290000915527344,18.0,18.25,17.918012619018555,15968400.0
2024-07-09,18.260000228881836,18.299999237060547,17.975000381469727,18.219999313354492,17.8885555267334,12147200.0
2024-07-10,18.139999389648438,18.239999771118164,17.674999237060547,17.700000762939453,17.37801742553711,24692600.0
2024-07-11,17.770000457763672,17.940000534057617,17.670000076293945,17.920000076293945,17.594013214111328,35772200.0
2024-07-12,18.110000610351562,18.40999984741211,17.959999084472656,18.34000015258789,18.00637435913086,12523500.0
2024-07-15,18.34000015258789,18.389999389648438,18.09000015258789,18.110000610351562,17.780559539794922,14171600.0
2024-07-16,18.049999237060547,18.360000610351562,18.0049991607666,18.25,17.918012619018555,15408300.0
2024-07-17,18.270000457763672,18.770000457763672,18.270000457763672,18.440000534057617,18.104555130004883,17834900.0
2024-07-18,18.450000762939453,18.75,18.309999465942383,18.31999969482422,17.986738204956055,14131000.0
2024-07-19,18.459999084472656,18.489999771118164,18.155000686645508,18.25,17.918012619018555,15412400.0
2024-07-22,18.209999084472656,18.270000457763672,18.0,18.229999542236328,17.898374557495117,15788700.0
2024-07-23,18.09000015258789,18.229999542236328,17.90999984741211,17.93000030517578,17.603832244873047,12491000.0
2024-07-24,17.920000076293945,18.25,17.850000381469727,18.170000076293945,17.839466094970703,9390800.0
2024-07-25,18.329999923706055,18.709999084472656,18.239999771118164,18.25,17.918012619018555,11082200.0
2024-07-26,18.3700008392334,18.78499984741211,18.309999465942383,18.690000534057617,18.350008010864258,11484600.0
2024-07-29,18.649999618530273,18.899999618530273,18.520000457763672,18.799999237060547,18.458005905151367,12564800.0
2024-07-30,18.520000457763672,18.809999465942383,18.30500030517578,18.75,18.40891456604004,12381300.0
2024-07-31,18.670000076293945,18.760000228881836,18.360000610351562,18.489999771118164,18.153644561767578,42056200.0
2024-08-01,18.670000076293945,18.700000762939453,18.389999389648438,18.6299991607666,18.29109764099121,12817600.0
2024-08-02,18.649999618530273,18.84000015258789,18.420000076293945,18.81999969482422,18.477642059326172,17688600.0
2024-08-05,18.709999084472656,18.8700008392334,18.104999542236328,18.190000534057617,17.859102249145508,21724900.0
2024-08-06,20.149999618530273,20.920000076293945,19.910999298095703,20.860000610351562,20.480531692504883,44403600.0
2024-08-07,20.690000534057617,21.049999237060547,20.450000762939453,20.6200008392334,20.24489974975586,24344700.0
2024-08-08,20.56999969482422,21.364999771118164,20.40999984741211,21.25,20.86343765258789,21849700.0
2024-08-09,21.200000762939453,21.235000610351562,20.915000915527344,21.020000457763672,20.63762092590332,20636700.0
2024-08-12,21.079999923706055,21.155000686645508,20.84000015258789,21.09000015258789,20.706348419189453,17481100.0
2024-08-13,21.139999389648438,21.489999771118164,21.1200008392334,21.34000015258789,20.951801300048828,16625400.0
2024-08-14,21.15999984741211,21.469999313354492,21.1200008392334,21.18000030517578,20.996410369873047,16462400.0
2024-08-15,21.190000534057617,21.6200008392334,21.18000030517578,21.56999969482422,21.38302993774414,10727900.0
2024-08-16,21.440000534057617,21.709999084472656,21.360000610351562,21.670000076293945,21.482162475585938,11269800.0
2024-08-19,21.729999542236328,21.920000076293945,21.6299991607666,21.639999389648438,21.452423095703125,10019600.0
2024-08-20,21.639999389648438,21.709999084472656,21.395000457763672,21.549999237060547,21.363203048706055,11291400.0
2024-08-21,21.649999618530273,21.850000381469727,21.56999969482422,21.690000534057617,21.501989364624023,8446800.0
2024-08-22,21.690000534057617,21.764999389648438,21.229999542236328,21.559999465942383,21.37311553955078,12239500.0
2024-08-23,21.610000610351562,21.905000686645508,21.600000381469727,21.81999969482422,21.630863189697266,6785500.0
2024-08-26,21.860000610351562,22.05500030517578,21.80500030517578,21.959999084472656,21.7696475982666,9431500.0
2024-08-27,22.0,22.09000015258789,21.739999771118164,21.920000076293945,21.729995727539062,10096300.0
2024-08-28,21.950000762939453,21.957000732421875,21.59000015258789,21.719999313354492,21.531728744506836,7896100.0
2024-08-29,21.809999465942383,21.93000030517578,21.530000686645508,21.75,21.56147003173828,12053500.0
2024-08-30,21.829999923706055,21.954999923706055,21.719999313354492,21.950000762939453,21.759737014770508,14008500.0
2024-09-03,21.75,22.239999771118164,21.649999618530273,22.100000381469727,21.908435821533203,13879900.0
2024-09-04,22.040000915527344,22.6299991607666,22.0,22.510000228881836,22.314882278442383,22620800.0
2024-09-05,22.559999465942383,22.68000030517578,22.3799991607666,22.510000228881836,22.314882278442383,15490300.0
2024-09-06,22.510000228881836,23.0,22.5,22.860000610351562,22.661848068237305,18883300.0
2024-09-09,22.8700008392334,23.229999542236328,22.6299991607666,23.200000762939453,22.9989013671875,21843100.0
2024-09-10,23.15999984741211,23.465999603271484,22.889999389648438,23.049999237060547,22.850200653076172,15021200.0
2024-09-11,23.149999618530273,23.229999542236328,22.674999237060547,23.09000015258789,22.889854431152344,12941500.0
2024-09-12,23.100000381469727,23.190000534057617,22.770000457763672,23.079999923706055,22.879940032958984,9269900.0
2024-09-13,23.15999984741211,23.40999984741211,23.040000915527344,23.389999389648438,23.187253952026367,11090800.0
2024-09-16,23.5,23.549999237060547,23.170000076293945,23.3799991607666,23.177339553833008,9220800.0
2024-09-17,23.469999313354492,23.520000457763672,23.149999618530273,23.389999389648438,23.187253952026367,13263700.0
2024-09-18,23.440000534057617,23.520000457763672,23.075000762939453,23.190000534057617,22.988988876342773,15225500.0
2024-09-19,23.34000015258789,23.450000762939453,22.885000228881836,22.899999618530273,22.701501846313477,13622500.0
2024-09-20,22.829999923706055,23.030000686645508,22.709999084472656,23.020000457763672,22.82046127319336,75871900.0
2024-09-23,22.829999923706055,23.149999618530273,22.760000228881836,23.020000457763672,22.82046127319336,20080800.0
2024-09-24,23.030000686645508,23.19499969482422,22.795000076293945,23.110000610351562,22.90968132019043,14365300.0
2024-09-25,23.209999084472656,23.33300018310547,22.940000534057617,23.0,22.800634384155273,12625600.0
2024-09-26,23.149999618530273,23.290000915527344,23.030000686645508,23.1299991607666,22.929506301879883,12504500.0
2024-09-27,23.139999389648438,23.434999465942383,23.030000686645508,23.260000228881836,23.058380126953125,12450000.0
2024-09-30,23.360000610351562,23.489999771118164,23.075000762939453,23.1299991607666,22.929506301879883,17088300.0
2024-10-01,23.170000076293945,23.18000030517578,22.68000030517578,22.780000686645508,22.582542419433594,13640500.0
2024-10-02,22.700000762939453,22.729999542236328,22.399999618530273,22.6299991607666,22.433841705322266,16504900.0
2024-10-03,22.479999542236328,22.549999237060547,22.25,22.270000457763672,22.076963424682617,10312400.0
2024-10-04,22.299999237060547,22.35099983215332,22.1200008392334,22.15999984741211,21.967914581298828,8451600.0
2024-10-07,22.209999084472656,22.235000610351562,21.8799991607666,21.989999771118164,21.799388885498047,9859300.0
2024-10-08,22.06999969482422,22.075000762939453,21.760000228881836,21.850000381469727,21.660602569580078,11377100.0
2024-10-09,21.81999969482422,21.885000228881836,21.5,21.530000686645508,21.3433780670166,10437800.0
2024-10-10,21.540000915527344,21.600000381469727,21.25,21.31999969482422,21.135196685791016,11911600.0
2024-10-11,21.389999389648438,21.510000228881836,21.309999465942383,21.459999084472656,21.273983001708984,14513000.0
2024-10-14,21.360000610351562,21.684999465942383,21.290000915527344,21.600000381469727,21.412769317626953,18677100.0
2024-10-15,21.59000015258789,21.985000610351562,21.540000915527344,21.760000228881836,21.571382522583008,11925300.0
2024-10-16,21.65999984741211,21.850000381469727,21.6200008392334,21.729999542236328,21.541643142700195,13919600.0
2024-10-17,21.84000015258789,21.84000015258789,21.3700008392334,21.450000762939453,21.264070510864258,12260700.0
2024-10-18,21.510000228881836,21.739999771118164,21.385000228881836,21.719999313354492,21.531728744506836,13309700.0
2024-10-21,22.950000762939453,23.389999389648438,22.799999237060547,22.920000076293945,22.721328735351562,38291800.0
2024-10-22,22.549999237060547,23.049999237060547,22.530000686645508,22.93000030517578,22.73124122619629,18080900.0
2024-10-23,22.81999969482422,22.954999923706055,22.510000228881836,22.760000228881836,22.562715530395508,10664000.0
2024-10-24,22.899999618530273,23.09000015258789,22.774999618530273,22.969999313354492,22.770893096923828,11664200.0
2024-10-25,22.959999084472656,23.020000457763672,22.6299991607666,22.639999389648438,22.443754196166992,8395700.0
2024-10-28,22.850000381469727,22.889999389648438,22.575000762939453,22.8799991607666,22.681673049926758,10540300.0
2024-10-29,22.719999313354492,22.909000396728516,22.6299991607666,22.780000686645508,22.582542419433594,13109200.0
2024-10-30,22.649999618530273,22.989999771118164,22.559999465942383,22.889999389648438,22.691587448120117,15919800.0
2024-10-31,22.68000030517578,23.165000915527344,22.611000061035156,22.93000030517578,22.73124122619629,34406400.0
2024-11-01,22.860000610351562,23.094999313354492,22.719999313354492,22.729999542236328,22.532974243164062,15528900.0
2024-11-04,22.809999465942383,23.225000381469727,22.739999771118164,23.040000915527344,22.840288162231445,17341800.0
2024-11-05,22.940000534057617,23.56999969482422,22.920000076293945,23.229999542236328,23.028640747070312,17781300.0
2024-11-06,23.549999237060547,23.549999237060547,22.30500030517578,22.5,22.304967880249023,16727100.0
2024-11-07,22.170000076293945,23.385000228881836,22.040000915527344,22.969999313354492,22.770893096923828,28744400.0
2024-11-08,22.8700008392334,23.719999313354492,22.84000015258789,23.68000030517578,23.474740982055664,16635100.0
2024-11-11,23.760000228881836,23.8799991607666,23.489999771118164,23.780000686645508,23.57387351989746,13838400.0
2024-11-12,23.760000228881836,23.950000762939453,23.631999969482422,23.649999618530273,23.44499969482422,10714200.0
2024-11-13,23.450000762939453,23.600000381469727,23.040000915527344,23.139999389648438,23.139999389648438,16481200.0
2024-11-14,23.219999313354492,23.75,23.1299991607666,23.610000610351562,23.610000610351562,14017300.0
2024-11-15,23.520000457763672,24.1299991607666,23.440000534057617,23.81999969482422,23.81999969482422,16166900.0
2024-11-18,23.80500030517578,24.0049991607666,23.670000076293945,23.719999313354492,23.719999313354492,14591600.0
2024-11-19,23.59000015258789,23.799999237060547,23.239999771118164,23.690000534057617,23.690000534057617,9838300.0
2024-11-20,23.65999984741211,23.780000686645508,23.562000274658203,23.780000686645508,23.780000686645508,7418800.0
2024-11-21,23.790000915527344,24.239999771118164,23.690000534057617,24.09000015258789,24.09000015258789,8331200.0
2024-11-22,24.25,24.309999465942383,24.000999450683594,24.079999923706055,24.079999923706055,10505900.0
2024-11-25,24.2450008392334,24.399999618530273,23.985000610351562,24.239999771118164,24.239999771118164,26971900.0
2024-11-26,24.274999618530273,24.459999084472656,23.940000534057617,24.1200008392334,24.1200008392334,12315700.0
2024-11-27,24.209999084472656,24.405000686645508,24.049999237060547,24.1299991607666,24.1299991607666,11666900.0
2024-11-29,24.0,24.239999771118164,23.8799991607666,24.079999923706055,24.079999923706055,7516500.0
2024-12-02,24.110000610351562,24.270000457763672,23.875,24.260000228881836,24.260000228881836,10173800.0
2024-12-03,24.1299991607666,24.229999542236328,23.43000030517578,23.479999542236328,23.479999542236328,13665700.0
2024-12-04,23.450000762939453,23.524999618530273,22.174999237060547,23.15999984741211,23.15999984741211,27219800.0
2024-12-05,23.389999389648438,23.459999084472656,23.0,23.1299991607666,23.1299991607666,13914400.0
2024-12-06,23.239999771118164,23.350000381469727,22.81999969482422,22.84000015258789,22.84000015258789,9708800.0
2024-12-09,23.0,23.260000228881836,22.739999771118164,22.809999465942383,22.809999465942383,15267200.0
2024-12-10,22.770000457763672,22.975000381469727,22.389999389648438,22.739999771118164,22.739999771118164,10492300.0
2024-12-11,22.75,22.774999618530273,22.190000534057617,22.219999313354492,22.219999313354492,9433200.0
2024-12-12,21.979999542236328,22.635000228881836,21.763999938964844,22.31999969482422,22.31999969482422,14949900.0
2024-12-13,22.280000686645508,22.309999465942383,21.940000534057617,22.209999084472656,22.209999084472656,9184000.0
